id,split
train_1194.jpg,train
train_3865.jpg,train
train_0682.jpg,train
train_3708.jpg,train
train_3576.jpg,train
train_5924.jpg,train
train_6530.jpg,train
train_1050.jpg,train
train_6586.jpg,train
train_4601.jpg,train
train_6206.jpg,train
train_3760.jpg,train
train_4232.jpg,train
train_5404.jpg,train
train_1150.jpg,train
train_6594.jpg,train
train_5332.jpg,train
train_5961.jpg,train
train_2115.jpg,train
train_1612.jpg,train
train_6558.jpg,train
train_0677.jpg,train
train_1873.jpg,train
train_4295.jpg,train
train_6460.jpg,train
train_6630.jpg,train
train_5890.jpg,train
train_0829.jpg,train
train_0133.jpg,train
train_0218.jpg,train
train_4170.jpg,train
train_3537.jpg,train
train_4946.jpg,train
train_6535.jpg,train
train_4889.jpg,train
train_5974.jpg,train
train_0231.jpg,train
train_3856.jpg,train
train_2800.jpg,train
train_5372.jpg,train
train_3552.jpg,train
train_1316.jpg,train
train_0535.jpg,train
train_6702.jpg,train
train_5850.jpg,train
train_4954.jpg,train
train_1727.jpg,train
train_5386.jpg,train
train_4559.jpg,train
train_4839.jpg,train
train_2796.jpg,train
train_3853.jpg,train
train_2928.jpg,train
train_3689.jpg,train
train_2956.jpg,train
train_3787.jpg,train
train_6310.jpg,train
train_5313.jpg,train
train_2619.jpg,train
train_0322.jpg,train
train_4149.jpg,train
train_5347.jpg,train
train_2927.jpg,train
train_2851.jpg,train
train_5600.jpg,train
train_2182.jpg,train
train_3019.jpg,train
train_2433.jpg,train
train_1472.jpg,train
train_5539.jpg,train
train_1920.jpg,train
train_1730.jpg,train
train_0409.jpg,train
train_6048.jpg,train
train_2978.jpg,train
train_5534.jpg,train
train_4238.jpg,train
train_5456.jpg,train
train_1098.jpg,train
train_5412.jpg,train
train_1841.jpg,train
train_2432.jpg,train
train_1974.jpg,train
train_3553.jpg,train
train_5986.jpg,train
train_4520.jpg,train
train_4686.jpg,train
train_0801.jpg,train
train_2230.jpg,train
train_3843.jpg,train
train_5604.jpg,train
train_5420.jpg,train
train_1048.jpg,train
train_2543.jpg,train
train_2096.jpg,train
train_2317.jpg,train
train_1776.jpg,train
train_0737.jpg,train
train_2918.jpg,train
train_2901.jpg,train
train_0335.jpg,train
train_3959.jpg,train
train_1010.jpg,train
train_6366.jpg,train
train_4582.jpg,train
train_1145.jpg,train
train_1579.jpg,train
train_0834.jpg,train
train_6038.jpg,train
train_5830.jpg,train
train_4654.jpg,train
train_4126.jpg,train
train_1722.jpg,train
train_4536.jpg,train
train_2861.jpg,train
train_1373.jpg,train
train_5414.jpg,train
train_3166.jpg,train
train_3667.jpg,train
train_4163.jpg,train
train_4251.jpg,train
train_5721.jpg,train
train_3040.jpg,train
train_4999.jpg,train
train_1424.jpg,train
train_2252.jpg,train
train_0234.jpg,train
train_3520.jpg,train
train_0474.jpg,train
train_6660.jpg,train
train_3307.jpg,train
train_5725.jpg,train
train_6413.jpg,train
train_3623.jpg,train
train_0248.jpg,train
train_2349.jpg,train
train_4862.jpg,train
train_3086.jpg,train
train_4784.jpg,train
train_3423.jpg,train
train_3978.jpg,train
train_1407.jpg,train
train_1913.jpg,train
train_5657.jpg,train
train_6463.jpg,train
train_0180.jpg,train
train_3149.jpg,train
train_5688.jpg,train
train_1177.jpg,train
train_2819.jpg,train
train_2099.jpg,train
train_3621.jpg,train
train_4459.jpg,train
train_1563.jpg,train
train_5102.jpg,train
train_2618.jpg,train
train_2583.jpg,train
train_5905.jpg,train
train_0545.jpg,train
train_3876.jpg,train
train_2667.jpg,train
train_6320.jpg,train
train_0062.jpg,train
train_5167.jpg,train
train_3033.jpg,train
train_4990.jpg,train
train_1738.jpg,train
train_5170.jpg,train
train_0032.jpg,train
train_6006.jpg,train
train_5592.jpg,train
train_3168.jpg,train
train_5161.jpg,train
train_1080.jpg,train
train_2514.jpg,train
train_5547.jpg,train
train_4858.jpg,train
train_5056.jpg,train
train_1415.jpg,train
train_4086.jpg,train
train_6101.jpg,valid
train_4340.jpg,valid
train_1496.jpg,valid
train_4597.jpg,valid
train_3286.jpg,valid
train_2009.jpg,valid
train_3369.jpg,valid
train_3571.jpg,valid
train_2128.jpg,valid
train_4253.jpg,valid
train_3077.jpg,valid
train_0181.jpg,valid
train_3372.jpg,valid
train_0384.jpg,valid
train_3750.jpg,valid
train_3649.jpg,valid
train_5267.jpg,valid
train_4650.jpg,valid
train_2885.jpg,valid
train_4825.jpg,valid
train_6020.jpg,valid
train_2642.jpg,valid
train_1246.jpg,valid
train_5963.jpg,valid
train_1829.jpg,valid
train_0332.jpg,valid
train_3080.jpg,valid
train_3578.jpg,valid
train_4773.jpg,valid
train_1632.jpg,valid
train_0339.jpg,valid
train_4435.jpg,valid
train_5765.jpg,valid
train_0464.jpg,valid
train_4281.jpg,valid
train_0515.jpg,valid
train_0419.jpg,valid
train_3501.jpg,valid
train_4172.jpg,valid
train_1333.jpg,valid
train_1583.jpg,valid
train_2771.jpg,valid
train_3758.jpg,valid
train_6633.jpg,valid
train_4360.jpg,valid
train_4478.jpg,valid
train_3598.jpg,valid
train_0494.jpg,valid
train_4096.jpg,valid
train_1032.jpg,valid
train_0568.jpg,valid
train_3037.jpg,valid
train_1764.jpg,valid
train_4428.jpg,valid
train_1199.jpg,valid
train_2284.jpg,valid
train_4948.jpg,valid
train_3306.jpg,valid
train_5981.jpg,valid
train_1908.jpg,valid
train_1905.jpg,valid
train_4699.jpg,valid
train_0160.jpg,valid
train_4628.jpg,valid
train_1781.jpg,valid
train_0503.jpg,valid
train_4726.jpg,valid
train_4042.jpg,valid
train_0071.jpg,valid
train_4263.jpg,valid
train_3396.jpg,valid
train_0865.jpg,valid
train_1155.jpg,valid
train_4179.jpg,valid
train_0991.jpg,valid
train_2724.jpg,valid
train_6689.jpg,valid
train_2352.jpg,valid
train_5512.jpg,valid
train_1012.jpg,valid
train_2116.jpg,valid
train_5759.jpg,valid
train_3526.jpg,valid
train_4092.jpg,valid
train_4141.jpg,valid
train_5977.jpg,valid
train_5681.jpg,valid
train_4045.jpg,valid
train_2277.jpg,valid
train_5954.jpg,valid
train_3941.jpg,valid
train_5928.jpg,valid
train_4550.jpg,valid
train_4186.jpg,valid
train_5490.jpg,valid
train_4989.jpg,valid
train_2107.jpg,valid
train_6325.jpg,valid
train_6297.jpg,valid
train_0196.jpg,valid
train_0496.jpg,valid
train_1931.jpg,valid
train_1893.jpg,valid
train_4655.jpg,valid
train_5622.jpg,valid
train_3669.jpg,valid
train_5808.jpg,valid
train_1359.jpg,valid
train_4398.jpg,valid
train_6392.jpg,valid
train_3593.jpg,valid
train_3572.jpg,valid
train_6706.jpg,valid
train_1901.jpg,valid
train_5990.jpg,valid
train_1794.jpg,valid
train_0427.jpg,valid
train_0001.jpg,valid
train_0357.jpg,valid
train_5181.jpg,valid
train_5617.jpg,valid
train_4148.jpg,valid
train_2951.jpg,valid
train_6128.jpg,valid
train_0053.jpg,valid
train_2646.jpg,valid
train_4239.jpg,valid
train_3939.jpg,valid
train_2715.jpg,valid
train_0105.jpg,valid
train_0719.jpg,valid
train_1429.jpg,valid
train_2211.jpg,valid
train_3399.jpg,valid
train_3227.jpg,valid
train_3835.jpg,valid
train_5094.jpg,valid
train_3837.jpg,valid
train_0512.jpg,valid
train_1531.jpg,valid
train_2969.jpg,valid
train_3536.jpg,valid
train_4846.jpg,valid
train_3363.jpg,valid
train_4221.jpg,valid
train_1526.jpg,valid
train_6676.jpg,valid
train_1834.jpg,valid
train_0498.jpg,valid
train_1763.jpg,valid
train_1622.jpg,valid
train_0603.jpg,valid
train_5038.jpg,valid
train_2706.jpg,valid
train_4653.jpg,valid
train_6246.jpg,valid
train_1734.jpg,valid
train_2616.jpg,valid
train_1279.jpg,valid
train_1305.jpg,valid
train_4159.jpg,valid
train_4338.jpg,valid
train_3728.jpg,valid
train_0060.jpg,valid
train_0712.jpg,valid
train_0625.jpg,valid
train_5363.jpg,valid
train_3167.jpg,valid
train_3783.jpg,valid
train_2130.jpg,valid
train_1107.jpg,valid
train_0440.jpg,valid
train_5581.jpg,valid
train_5671.jpg,valid
train_2081.jpg,valid
train_5012.jpg,valid
train_4694.jpg,valid
train_6228.jpg,valid
train_2947.jpg,valid
train_4901.jpg,valid
train_4844.jpg,valid
train_5964.jpg,valid
train_5851.jpg,valid
train_4965.jpg,valid
train_6207.jpg,valid
train_5886.jpg,valid
train_6304.jpg,valid
train_2869.jpg,valid
train_0564.jpg,valid
train_2913.jpg,valid
train_3846.jpg,valid
train_6377.jpg,valid
train_3949.jpg,valid
train_4509.jpg,valid
train_3650.jpg,valid
train_0928.jpg,valid
train_3422.jpg,valid
train_3860.jpg,valid
train_3323.jpg,valid
train_2750.jpg,valid
train_2668.jpg,valid
train_2003.jpg,valid
train_1136.jpg,valid
train_5205.jpg,valid
train_5083.jpg,valid
train_5153.jpg,valid
train_3990.jpg,valid
train_1186.jpg,valid
train_6580.jpg,valid
train_3535.jpg,valid
train_2234.jpg,valid
train_4835.jpg,valid
train_6030.jpg,valid
train_3269.jpg,valid
train_1967.jpg,valid
train_2271.jpg,valid
train_1318.jpg,valid
train_6057.jpg,valid
train_4508.jpg,valid
train_0752.jpg,valid
train_2033.jpg,valid
train_4010.jpg,valid
train_5821.jpg,valid
train_3055.jpg,valid
train_5225.jpg,valid
train_0857.jpg,valid
train_0676.jpg,valid
train_4739.jpg,valid
train_6053.jpg,valid
train_3948.jpg,valid
train_4745.jpg,valid
train_0640.jpg,valid
train_4118.jpg,valid
train_5668.jpg,valid
train_3755.jpg,valid
train_3242.jpg,valid
train_3218.jpg,valid
train_3342.jpg,valid
train_4346.jpg,valid
train_1769.jpg,valid
train_5142.jpg,valid
train_5125.jpg,valid
train_0544.jpg,valid
train_4755.jpg,valid
train_4629.jpg,valid
train_5191.jpg,valid
train_0518.jpg,valid
train_3515.jpg,valid
train_5118.jpg,valid
train_1863.jpg,valid
train_3066.jpg,valid
train_5356.jpg,valid
train_1006.jpg,valid
train_5079.jpg,valid
train_4099.jpg,valid
train_5045.jpg,valid
train_4917.jpg,valid
train_2063.jpg,valid
train_3547.jpg,valid
train_5200.jpg,valid
train_1140.jpg,valid
train_1089.jpg,valid
train_2495.jpg,valid
train_3871.jpg,valid
train_5995.jpg,valid
train_1530.jpg,valid
train_4672.jpg,valid
train_6324.jpg,valid
train_4503.jpg,valid
train_1887.jpg,valid
train_1334.jpg,valid
train_5916.jpg,valid
train_4071.jpg,valid
train_2378.jpg,valid
train_0088.jpg,valid
train_0349.jpg,valid
train_4366.jpg,valid
train_5299.jpg,valid
train_5328.jpg,valid
train_1625.jpg,valid
train_1548.jpg,valid
train_6180.jpg,valid
train_3232.jpg,valid
train_0791.jpg,valid
train_5373.jpg,valid
train_4820.jpg,valid
train_1426.jpg,valid
train_3085.jpg,valid
train_3487.jpg,valid
train_5806.jpg,valid
train_5867.jpg,valid
train_5111.jpg,valid
train_4945.jpg,valid
train_5660.jpg,valid
train_1636.jpg,valid
train_4624.jpg,valid
train_0911.jpg,valid
train_5975.jpg,valid
train_2710.jpg,valid
train_1953.jpg,valid
train_2492.jpg,valid
train_6014.jpg,valid
train_5498.jpg,valid
train_5794.jpg,valid
train_4677.jpg,valid
train_0352.jpg,valid
train_6263.jpg,valid
train_5193.jpg,valid
train_2022.jpg,valid
train_5775.jpg,valid
train_5053.jpg,valid
train_6034.jpg,valid
train_2448.jpg,valid
train_2593.jpg,valid
train_1733.jpg,valid
train_6399.jpg,valid
train_0941.jpg,valid
train_6504.jpg,valid
train_2606.jpg,valid
train_6605.jpg,valid
train_2955.jpg,valid
train_5321.jpg,valid
train_0933.jpg,valid
train_1208.jpg,valid
train_0104.jpg,valid
train_4719.jpg,valid
train_0068.jpg,valid
train_5354.jpg,valid
train_6272.jpg,valid
train_4623.jpg,valid
train_3165.jpg,valid
train_0800.jpg,valid
train_1483.jpg,valid
train_3301.jpg,valid
train_1238.jpg,valid
train_2420.jpg,valid
train_4797.jpg,valid
train_4415.jpg,valid
train_4633.jpg,valid
train_5978.jpg,valid
train_2135.jpg,valid
train_4666.jpg,valid
train_2921.jpg,valid
train_4581.jpg,valid
train_1433.jpg,valid
train_5014.jpg,valid
train_6563.jpg,valid
train_2480.jpg,valid
train_3616.jpg,valid
train_3050.jpg,valid
train_6426.jpg,valid
train_5152.jpg,valid
train_0308.jpg,valid
train_0768.jpg,valid
train_1970.jpg,valid
train_5563.jpg,valid
train_4697.jpg,valid
train_0064.jpg,valid
train_3290.jpg,valid
train_6368.jpg,valid
train_5788.jpg,valid
train_5441.jpg,valid
train_2185.jpg,valid
train_3863.jpg,valid
train_4928.jpg,valid
train_3877.jpg,valid
train_4277.jpg,valid
train_0014.jpg,valid
train_3691.jpg,valid
train_4215.jpg,valid
train_3139.jpg,valid
train_1595.jpg,valid
train_5885.jpg,valid
train_2473.jpg,valid
train_5870.jpg,valid
train_1843.jpg,valid
train_1357.jpg,valid
train_2825.jpg,valid
train_5646.jpg,valid
train_1770.jpg,valid
train_0242.jpg,valid
train_4464.jpg,valid
train_0115.jpg,valid
train_1993.jpg,valid
train_4925.jpg,valid
train_3729.jpg,valid
train_2393.jpg,valid
train_5369.jpg,valid
train_3716.jpg,valid
train_4457.jpg,valid
train_2914.jpg,valid
train_1118.jpg,valid
train_0005.jpg,valid
train_1719.jpg,valid
train_0602.jpg,valid
train_5410.jpg,valid
train_3605.jpg,valid
train_0956.jpg,valid
train_1945.jpg,valid
train_2512.jpg,valid
train_5387.jpg,valid
train_6132.jpg,valid
train_6589.jpg,valid
train_3975.jpg,valid
train_5443.jpg,valid
train_2835.jpg,valid
train_2673.jpg,valid
train_2939.jpg,valid
train_3887.jpg,valid
train_2133.jpg,valid
train_5854.jpg,valid
train_0600.jpg,valid
train_5016.jpg,valid
train_2860.jpg,valid
train_3859.jpg,valid
train_4955.jpg,valid
train_5027.jpg,valid
train_6190.jpg,valid
train_0942.jpg,valid
train_5089.jpg,valid
train_4070.jpg,valid
train_3559.jpg,valid
train_0310.jpg,valid
train_2442.jpg,valid
train_3225.jpg,valid
train_2898.jpg,valid
train_5301.jpg,valid
train_2379.jpg,valid
train_5654.jpg,valid
train_1635.jpg,valid
train_0213.jpg,valid
train_3632.jpg,valid
train_1096.jpg,valid
train_5766.jpg,valid
train_2074.jpg,valid
train_0093.jpg,valid
train_5578.jpg,valid
train_0342.jpg,valid
train_0589.jpg,valid
train_5726.jpg,valid
train_5197.jpg,valid
train_5936.jpg,valid
train_2855.jpg,valid
train_0955.jpg,valid
train_5670.jpg,valid
train_2849.jpg,valid
train_1170.jpg,valid
train_2791.jpg,valid
train_3556.jpg,valid
train_0175.jpg,valid
train_1014.jpg,valid
train_6612.jpg,valid
train_1871.jpg,valid
train_2726.jpg,valid
train_0051.jpg,valid
train_5178.jpg,valid
train_1486.jpg,valid
train_1056.jpg,valid
train_0949.jpg,valid
train_2809.jpg,valid
train_0774.jpg,valid
train_2946.jpg,valid
train_2195.jpg,valid
train_3668.jpg,valid
train_4351.jpg,valid
train_4759.jpg,valid
train_4546.jpg,valid
train_0138.jpg,valid
train_3133.jpg,valid
train_1476.jpg,valid
train_3249.jpg,valid
train_5371.jpg,valid
train_1223.jpg,valid
train_5254.jpg,valid
train_0533.jpg,valid
train_6189.jpg,valid
train_5866.jpg,valid
train_2931.jpg,valid
train_2926.jpg,valid
train_5357.jpg,valid
train_1619.jpg,valid
train_4210.jpg,valid
train_6010.jpg,valid
train_6571.jpg,valid
train_4474.jpg,valid
train_0166.jpg,valid
train_0017.jpg,valid
train_2279.jpg,valid
train_4343.jpg,valid
train_0981.jpg,valid
train_5043.jpg,valid
train_6050.jpg,valid
train_4222.jpg,valid
train_4669.jpg,valid
train_3260.jpg,valid
train_5392.jpg,valid
train_0821.jpg,valid
train_3680.jpg,valid
train_0904.jpg,valid
train_1185.jpg,valid
train_4515.jpg,holdout
train_0265.jpg,holdout
train_2664.jpg,holdout
train_1180.jpg,holdout
train_4276.jpg,holdout
train_0542.jpg,holdout
train_3438.jpg,holdout
train_4578.jpg,holdout
train_6522.jpg,holdout
train_3864.jpg,holdout
train_0010.jpg,holdout
train_1256.jpg,holdout
train_1872.jpg,holdout
train_1119.jpg,holdout
train_2123.jpg,holdout
train_2531.jpg,holdout
train_4093.jpg,holdout
train_1042.jpg,holdout
train_5018.jpg,holdout
train_2152.jpg,holdout
train_2332.jpg,holdout
train_4743.jpg,holdout
train_5656.jpg,holdout
train_0794.jpg,holdout
train_0546.jpg,holdout
train_0976.jpg,holdout
train_1358.jpg,holdout
train_2370.jpg,holdout
train_3533.jpg,holdout
train_1686.jpg,holdout
train_2121.jpg,holdout
train_2410.jpg,holdout
train_4402.jpg,holdout
train_5889.jpg,holdout
train_2968.jpg,holdout
train_4038.jpg,holdout
train_2658.jpg,holdout
train_2338.jpg,holdout
train_4767.jpg,holdout
train_1051.jpg,holdout
train_0392.jpg,holdout
train_4060.jpg,holdout
train_3881.jpg,holdout
train_6292.jpg,holdout
train_0975.jpg,holdout
train_6645.jpg,holdout
train_2054.jpg,holdout
train_2270.jpg,holdout
train_0043.jpg,holdout
train_6712.jpg,holdout
train_0145.jpg,holdout
train_0789.jpg,holdout
train_6249.jpg,holdout
train_0193.jpg,holdout
train_0656.jpg,holdout
train_0771.jpg,holdout
train_3827.jpg,holdout
train_2598.jpg,holdout
train_1294.jpg,holdout
train_4805.jpg,holdout
train_3719.jpg,holdout
train_5479.jpg,holdout
train_1097.jpg,holdout
train_6418.jpg,holdout
train_0304.jpg,holdout
train_1541.jpg,holdout
train_0492.jpg,holdout
train_3624.jpg,holdout
train_4673.jpg,holdout
train_4943.jpg,holdout
train_2018.jpg,holdout
train_5791.jpg,holdout
train_4039.jpg,holdout
train_3313.jpg,holdout
train_3356.jpg,holdout
train_6427.jpg,holdout
train_5780.jpg,holdout
train_3325.jpg,holdout
train_4102.jpg,holdout
train_1638.jpg,holdout
train_5772.jpg,holdout
train_0685.jpg,holdout
train_5950.jpg,holdout
train_1802.jpg,holdout
train_2079.jpg,holdout
train_4059.jpg,holdout
train_4720.jpg,holdout
train_0135.jpg,holdout
train_5518.jpg,holdout
train_6230.jpg,holdout
train_3873.jpg,holdout
train_5618.jpg,holdout
train_0572.jpg,holdout
train_6531.jpg,holdout
train_3126.jpg,holdout
train_1926.jpg,holdout
train_0314.jpg,holdout
train_0019.jpg,holdout
train_0690.jpg,holdout
train_0585.jpg,holdout
train_1735.jpg,holdout
train_3057.jpg,holdout
train_3613.jpg,holdout
train_2717.jpg,holdout
train_2854.jpg,holdout
train_1219.jpg,holdout
train_5761.jpg,holdout
train_2996.jpg,holdout
train_0358.jpg,holdout
train_0543.jpg,holdout
train_2371.jpg,holdout
train_3025.jpg,holdout
train_3619.jpg,holdout
train_2768.jpg,holdout
train_5709.jpg,holdout
train_4700.jpg,holdout
train_6609.jpg,holdout
train_6590.jpg,holdout
train_4260.jpg,holdout
train_0627.jpg,holdout
train_2679.jpg,holdout
train_0095.jpg,holdout
train_4116.jpg,holdout
train_5803.jpg,holdout
train_6110.jpg,holdout
train_0909.jpg,holdout
train_0773.jpg,holdout
train_5242.jpg,holdout
train_3267.jpg,holdout
train_3987.jpg,holdout
train_0282.jpg,holdout
train_0390.jpg,holdout
train_3155.jpg,holdout
train_6088.jpg,holdout
train_3600.jpg,holdout
train_6221.jpg,holdout
train_2385.jpg,holdout
train_5320.jpg,holdout
train_5641.jpg,holdout
train_5293.jpg,holdout
train_0842.jpg,holdout
train_1325.jpg,holdout
train_1682.jpg,holdout
train_5497.jpg,holdout
train_6045.jpg,holdout
train_4364.jpg,holdout
train_6072.jpg,holdout
train_3739.jpg,holdout
train_4201.jpg,holdout
train_4078.jpg,holdout
train_2414.jpg,holdout
train_1988.jpg,holdout
train_4429.jpg,holdout
train_6646.jpg,holdout
train_2863.jpg,holdout
train_3762.jpg,holdout
train_3204.jpg,holdout
train_5844.jpg,holdout
train_4959.jpg,holdout
train_0661.jpg,holdout
train_5401.jpg,holdout
train_0921.jpg,holdout
train_2603.jpg,holdout
train_2497.jpg,holdout
train_4849.jpg,holdout
train_3337.jpg,holdout
train_5705.jpg,holdout
train_4317.jpg,holdout
train_6382.jpg,holdout
train_4005.jpg,holdout
train_4454.jpg,holdout
train_2523.jpg,holdout
train_4572.jpg,holdout
train_4682.jpg,holdout
train_6434.jpg,holdout
train_2415.jpg,holdout
train_2850.jpg,holdout
train_1620.jpg,holdout
train_4810.jpg,holdout
train_3345.jpg,holdout
train_0198.jpg,holdout
train_4382.jpg,holdout
train_1364.jpg,holdout
train_2714.jpg,holdout
train_6277.jpg,holdout
train_6182.jpg,holdout
train_2057.jpg,holdout
train_1731.jpg,holdout
train_1878.jpg,holdout
train_5637.jpg,holdout
train_4288.jpg,holdout
train_0141.jpg,holdout
train_6479.jpg,holdout
train_2331.jpg,holdout
train_0509.jpg,holdout
train_3673.jpg,holdout
train_3824.jpg,holdout
train_6294.jpg,holdout
train_1044.jpg,holdout
train_4237.jpg,holdout
train_0679.jpg,holdout
train_2666.jpg,holdout
train_3095.jpg,holdout
train_0102.jpg,holdout
train_3845.jpg,holdout
train_5901.jpg,holdout
train_4178.jpg,holdout
train_5633.jpg,holdout
train_4947.jpg,holdout
train_5546.jpg,holdout
train_5175.jpg,holdout
train_2899.jpg,holdout
train_4370.jpg,holdout
train_5734.jpg,holdout
train_5642.jpg,holdout
train_0807.jpg,holdout
train_4465.jpg,holdout
train_3841.jpg,holdout
train_3790.jpg,holdout
train_4960.jpg,holdout
train_0575.jpg,holdout
train_3928.jpg,holdout
train_0607.jpg,holdout
train_0707.jpg,holdout
train_4014.jpg,holdout
train_4935.jpg,holdout
train_6307.jpg,holdout
train_2871.jpg,holdout
train_2032.jpg,holdout
train_5002.jpg,holdout
train_6213.jpg,holdout
train_1277.jpg,holdout
train_4311.jpg,holdout
train_2977.jpg,holdout
train_5724.jpg,holdout
train_2494.jpg,holdout
train_6089.jpg,holdout
train_6001.jpg,holdout
train_2126.jpg,holdout
train_4057.jpg,holdout
train_0891.jpg,holdout
train_3907.jpg,holdout
train_5033.jpg,holdout
train_3834.jpg,holdout
train_4412.jpg,holdout
train_3252.jpg,holdout
train_4958.jpg,holdout
train_3332.jpg,holdout
train_5091.jpg,holdout
train_2877.jpg,holdout
train_0471.jpg,holdout
train_5459.jpg,holdout
train_5707.jpg,holdout
train_5402.jpg,holdout
train_0130.jpg,holdout
train_4923.jpg,holdout
train_3930.jpg,holdout
train_3124.jpg,holdout
train_4192.jpg,holdout
train_3570.jpg,holdout
train_1849.jpg,holdout
train_5051.jpg,holdout
train_0186.jpg,holdout
train_2729.jpg,holdout
train_4334.jpg,holdout
train_6644.jpg,holdout
train_3510.jpg,holdout
train_6435.jpg,holdout
train_5694.jpg,holdout
train_4356.jpg,holdout
train_3737.jpg,holdout
train_0285.jpg,holdout
train_0174.jpg,holdout
train_5714.jpg,holdout
train_2383.jpg,holdout
train_5599.jpg,holdout
train_4593.jpg,holdout
train_2562.jpg,holdout
train_2551.jpg,holdout
train_0692.jpg,holdout
train_3580.jpg,holdout
train_1069.jpg,holdout
train_5740.jpg,holdout
train_6086.jpg,holdout
train_6550.jpg,holdout
train_3081.jpg,holdout
train_1266.jpg,holdout
train_5544.jpg,holdout
train_0109.jpg,holdout
train_3201.jpg,holdout
train_5174.jpg,holdout
train_6572.jpg,holdout
train_1221.jpg,holdout
train_3890.jpg,holdout
train_3590.jpg,holdout
train_4174.jpg,holdout
train_2964.jpg,holdout
train_1336.jpg,holdout
train_5099.jpg,holdout
train_4885.jpg,holdout
train_0287.jpg,holdout
train_2934.jpg,holdout
train_6607.jpg,holdout
train_0932.jpg,holdout
train_0803.jpg,holdout
train_0288.jpg,holdout
train_1536.jpg,holdout
train_4718.jpg,holdout
train_3518.jpg,holdout
train_4308.jpg,holdout
train_4242.jpg,holdout
train_5997.jpg,holdout
train_2013.jpg,holdout
train_5926.jpg,holdout
train_6188.jpg,holdout
train_3059.jpg,holdout
train_3992.jpg,holdout
train_4603.jpg,holdout
train_2751.jpg,holdout
train_1323.jpg,holdout
train_4569.jpg,holdout
train_6610.jpg,holdout
train_1983.jpg,holdout
train_2698.jpg,holdout
train_2804.jpg,holdout
train_1617.jpg,holdout
train_2878.jpg,holdout
train_4907.jpg,holdout
train_2198.jpg,holdout
train_6127.jpg,holdout
train_6545.jpg,holdout
train_6421.jpg,holdout
train_4714.jpg,holdout
train_0226.jpg,holdout
train_5341.jpg,holdout
train_5485.jpg,holdout
train_3645.jpg,holdout
train_4013.jpg,holdout
train_3519.jpg,holdout
train_0901.jpg,holdout
train_0030.jpg,holdout
train_6049.jpg,holdout
train_4713.jpg,holdout
train_5828.jpg,holdout
train_1367.jpg,holdout
train_4614.jpg,holdout
train_0244.jpg,holdout
train_0228.jpg,holdout
train_1655.jpg,holdout
train_2524.jpg,holdout
train_3187.jpg,holdout
train_4598.jpg,holdout
train_0365.jpg,holdout
train_5568.jpg,holdout
train_2596.jpg,holdout
train_5189.jpg,holdout
train_4956.jpg,holdout
train_1463.jpg,holdout
train_4004.jpg,holdout
train_0295.jpg,holdout
train_5728.jpg,holdout
train_6618.jpg,holdout
train_1212.jpg,holdout
train_4411.jpg,holdout
train_2142.jpg,holdout
train_4652.jpg,holdout
train_1312.jpg,holdout
train_4432.jpg,holdout
train_5771.jpg,holdout
train_0953.jpg,holdout
train_1003.jpg,holdout
train_4993.jpg,holdout
train_0132.jpg,holdout
train_3830.jpg,holdout
train_1907.jpg,holdout
train_6218.jpg,holdout
train_2711.jpg,holdout
train_6560.jpg,holdout
train_2286.jpg,holdout
train_4630.jpg,holdout
train_0662.jpg,holdout
train_0363.jpg,holdout
train_4381.jpg,holdout
train_1067.jpg,holdout
train_3539.jpg,holdout
train_0605.jpg,holdout
train_4138.jpg,holdout
train_3898.jpg,holdout
train_1812.jpg,holdout
train_4111.jpg,holdout
train_0076.jpg,holdout
train_6146.jpg,holdout
train_2755.jpg,holdout
train_3009.jpg,holdout
train_3093.jpg,holdout
train_5029.jpg,holdout
train_3320.jpg,holdout
train_1095.jpg,holdout
train_5859.jpg,holdout
train_4154.jpg,holdout
train_3119.jpg,holdout
train_4302.jpg,holdout
train_2418.jpg,holdout
train_2591.jpg,holdout
train_2048.jpg,holdout
train_4420.jpg,holdout
train_2445.jpg,holdout
train_0013.jpg,holdout
train_4499.jpg,holdout
train_0283.jpg,holdout
train_0972.jpg,holdout
train_2870.jpg,holdout
train_1287.jpg,holdout
train_5839.jpg,holdout
train_0886.jpg,holdout
train_2265.jpg,holdout
train_6637.jpg,holdout
train_5696.jpg,holdout
train_2811.jpg,holdout
train_4865.jpg,holdout
train_1132.jpg,holdout
train_6209.jpg,holdout
train_4704.jpg,holdout
train_5952.jpg,holdout
train_3935.jpg,holdout
train_5746.jpg,holdout
train_1088.jpg,holdout
train_6570.jpg,holdout
train_0383.jpg,holdout
train_3971.jpg,holdout
train_3181.jpg,holdout
train_2358.jpg,holdout
train_1181.jpg,holdout
train_1846.jpg,holdout
train_1943.jpg,holdout
train_5432.jpg,holdout
train_3659.jpg,holdout
train_1605.jpg,holdout
train_6084.jpg,holdout
train_2777.jpg,holdout
train_2419.jpg,holdout
train_3148.jpg,holdout
train_3463.jpg,holdout
train_1093.jpg,holdout
train_4543.jpg,holdout
train_6149.jpg,holdout
train_6459.jpg,holdout
train_0836.jpg,holdout
train_3416.jpg,holdout
train_1037.jpg,holdout
train_4379.jpg,holdout
train_1369.jpg,holdout
train_4533.jpg,holdout
train_3424.jpg,holdout
train_4815.jpg,holdout
train_0469.jpg,holdout
train_4069.jpg,holdout
train_2452.jpg,holdout
train_2708.jpg,holdout
train_5113.jpg,holdout
train_4585.jpg,holdout
train_4916.jpg,holdout
train_1057.jpg,holdout
train_2766.jpg,holdout
train_4489.jpg,holdout
train_6457.jpg,holdout
train_3130.jpg,holdout
train_5076.jpg,holdout
train_0558.jpg,holdout
train_3405.jpg,holdout
train_2702.jpg,holdout
train_3512.jpg,holdout
train_4043.jpg,holdout
train_6568.jpg,holdout
train_4783.jpg,holdout
train_2258.jpg,holdout
train_0686.jpg,holdout
train_2795.jpg,holdout
train_2761.jpg,holdout
train_2324.jpg,holdout
train_5686.jpg,holdout
train_1362.jpg,holdout
train_5159.jpg,holdout
train_5798.jpg,holdout
train_1507.jpg,holdout
train_6351.jpg,holdout
train_5935.jpg,holdout
train_4692.jpg,holdout
train_2353.jpg,holdout
train_1413.jpg,holdout
train_1706.jpg,holdout
train_1304.jpg,holdout
train_2105.jpg,holdout
train_3029.jpg,holdout
train_5438.jpg,holdout
train_5836.jpg,holdout
train_2175.jpg,holdout
train_4061.jpg,holdout
train_2654.jpg,holdout
train_6280.jpg,holdout
