id,split,group_id,question_type
train_0027.jpg,train,g_train_0027.jpg,text_other
train_0057.jpg,train,g_train_0057.jpg,price
train_0078.jpg,train,g_train_0078.jpg,text_other
train_0085.jpg,train,g_train_0085.jpg,text_other
train_0094.jpg,train,g_train_0094.jpg,position
train_0110.jpg,train,g_train_0110.jpg,price
train_0111.jpg,train,g_train_0111.jpg,text_other
train_0114.jpg,train,g_train_0114.jpg,text_other
train_0123.jpg,train,g_train_0123.jpg,text_other
train_0128.jpg,train,g_train_0128.jpg,text_other
train_0145.jpg,train,g_train_0145.jpg,text_other
train_0148.jpg,train,g_train_0148.jpg,text_other
train_0150.jpg,train,g_train_0150.jpg,position
train_0152.jpg,train,g_train_0152.jpg,text_other
train_0155.jpg,train,g_train_0155.jpg,position
train_0156.jpg,train,g_train_0156.jpg,number
train_0182.jpg,train,g_train_0182.jpg,text_other
train_0183.jpg,train,g_train_0183.jpg,position
train_0186.jpg,train,g_train_0186.jpg,text_other
train_0188.jpg,train,g_train_0188.jpg,text_other
train_0196.jpg,train,g_train_0196.jpg,price
train_0197.jpg,train,g_train_0197.jpg,text_other
train_0202.jpg,train,g_train_0202.jpg,text_other
train_0208.jpg,train,g_train_0208.jpg,text_other
train_0216.jpg,train,g_train_0216.jpg,text_other
train_0220.jpg,train,g_train_0220.jpg,text_other
train_0223.jpg,train,g_train_0223.jpg,number
train_0225.jpg,train,g_train_0225.jpg,text_other
train_0233.jpg,train,g_train_0233.jpg,number
train_0234.jpg,train,g_train_0234.jpg,text_other
train_0247.jpg,train,g_train_0247.jpg,price
train_0252.jpg,train,g_train_0252.jpg,number
train_0275.jpg,train,g_train_0275.jpg,price
train_0286.jpg,train,g_train_0286.jpg,negation
train_0304.jpg,train,g_train_0304.jpg,number
train_0307.jpg,train,g_train_0307.jpg,price
train_0335.jpg,train,g_train_0335.jpg,price
train_0336.jpg,train,g_train_0336.jpg,text_other
train_0353.jpg,train,g_train_0353.jpg,number
train_0355.jpg,train,g_train_0355.jpg,text_other
train_0365.jpg,train,g_train_0365.jpg,negation
train_0367.jpg,train,g_train_0367.jpg,text_other
train_0400.jpg,train,g_train_0400.jpg,text_other
train_0411.jpg,train,g_train_0411.jpg,text_other
train_0413.jpg,train,g_train_0413.jpg,number
train_0415.jpg,train,g_train_0415.jpg,number
train_0442.jpg,train,g_train_0442.jpg,text_other
train_0451.jpg,train,g_train_0451.jpg,text_other
train_0456.jpg,train,g_train_0456.jpg,price
train_0459.jpg,train,g_train_0459.jpg,text_other
train_0463.jpg,train,g_train_0463.jpg,text_other
train_0467.jpg,train,g_train_0467.jpg,text_other
train_0468.jpg,train,g_train_0468.jpg,text_other
train_0470.jpg,train,g_train_0470.jpg,number
train_0488.jpg,train,g_train_0488.jpg,text_other
train_0491.jpg,train,g_train_0491.jpg,number
train_0514.jpg,train,g_train_0514.jpg,text_other
train_0524.jpg,train,g_train_0524.jpg,text_other
train_0528.jpg,train,g_train_0528.jpg,text_other
train_0530.jpg,train,g_train_0530.jpg,text_other
train_0533.jpg,train,g_train_0533.jpg,text_other
train_0534.jpg,train,g_train_0534.jpg,text_other
train_0538.jpg,train,g_train_0538.jpg,text_other
train_0556.jpg,train,g_train_0556.jpg,price
train_0560.jpg,train,g_train_0560.jpg,negation
train_0566.jpg,train,g_train_0566.jpg,text_other
train_0580.jpg,train,g_train_0580.jpg,text_other
train_0591.jpg,train,g_train_0591.jpg,text_other
train_0592.jpg,train,g_train_0592.jpg,text_other
train_0599.jpg,train,g_train_0599.jpg,text_other
train_0600.jpg,train,g_train_0600.jpg,price
train_0606.jpg,train,g_train_0606.jpg,position
train_0612.jpg,train,g_train_0612.jpg,text_other
train_0614.jpg,train,g_train_0614.jpg,text_other
train_0623.jpg,train,g_train_0623.jpg,number
train_0630.jpg,train,g_train_0630.jpg,text_other
train_0632.jpg,train,g_train_0632.jpg,text_other
train_0640.jpg,train,g_train_0640.jpg,text_other
train_0643.jpg,train,g_train_0643.jpg,number
train_0645.jpg,train,g_train_0645.jpg,number
train_0651.jpg,train,g_train_0651.jpg,text_other
train_0663.jpg,train,g_train_0663.jpg,text_other
train_0668.jpg,train,g_train_0668.jpg,price
train_0673.jpg,train,g_train_0673.jpg,text_other
train_0680.jpg,train,g_train_0680.jpg,text_other
train_0684.jpg,train,g_train_0684.jpg,number
train_0685.jpg,train,g_train_0685.jpg,text_other
train_0687.jpg,train,g_train_0687.jpg,text_other
train_0688.jpg,train,g_train_0688.jpg,position
train_0690.jpg,train,g_train_0690.jpg,text_other
train_0711.jpg,train,g_train_0711.jpg,text_other
train_0734.jpg,train,g_train_0734.jpg,text_other
train_0736.jpg,train,g_train_0736.jpg,price
train_0738.jpg,train,g_train_0738.jpg,price
train_0740.jpg,train,g_train_0740.jpg,negation
train_0744.jpg,train,g_train_0744.jpg,price
train_0746.jpg,train,g_train_0746.jpg,text_other
train_0752.jpg,train,g_train_0752.jpg,text_other
train_0761.jpg,train,g_train_0761.jpg,text_other
train_0769.jpg,train,g_train_0769.jpg,number
train_0773.jpg,train,g_train_0773.jpg,text_other
train_0774.jpg,train,g_train_0774.jpg,text_other
train_0786.jpg,train,g_train_0786.jpg,text_other
train_0789.jpg,train,g_train_0789.jpg,price
train_0790.jpg,train,g_train_0790.jpg,text_other
train_0797.jpg,train,g_train_0797.jpg,text_other
train_0802.jpg,train,g_train_0802.jpg,text_other
train_0829.jpg,train,g_train_0829.jpg,number
train_0831.jpg,train,g_train_0831.jpg,text_other
train_0839.jpg,train,g_train_0839.jpg,text_other
train_0846.jpg,train,g_train_0846.jpg,text_other
train_0849.jpg,train,g_train_0849.jpg,price
train_0852.jpg,train,g_train_0852.jpg,text_other
train_0863.jpg,train,g_train_0863.jpg,price
train_0870.jpg,train,g_train_0870.jpg,text_other
train_0880.jpg,train,g_train_0880.jpg,text_other
train_0886.jpg,train,g_train_0886.jpg,text_other
train_0888.jpg,train,g_train_0888.jpg,text_other
train_0889.jpg,train,g_train_0889.jpg,text_other
train_0900.jpg,train,g_train_0900.jpg,text_other
train_0904.jpg,train,g_train_0904.jpg,text_other
train_0913.jpg,train,g_train_0913.jpg,position
train_0922.jpg,train,g_train_0922.jpg,text_other
train_0932.jpg,train,g_train_0932.jpg,text_other
train_0940.jpg,train,g_train_0940.jpg,price
train_0942.jpg,train,g_train_0942.jpg,text_other
train_0960.jpg,train,g_train_0960.jpg,number
train_0961.jpg,train,g_train_0961.jpg,text_other
train_0962.jpg,train,g_train_0962.jpg,text_other
train_0968.jpg,train,g_train_0968.jpg,text_other
train_0971.jpg,train,g_train_0971.jpg,number
train_0972.jpg,train,g_train_0972.jpg,text_other
train_0975.jpg,train,g_train_0975.jpg,number
train_0976.jpg,train,g_train_0976.jpg,number
train_0978.jpg,train,g_train_0978.jpg,text_other
train_0979.jpg,train,g_train_0979.jpg,text_other
train_0992.jpg,train,g_train_0992.jpg,text_other
train_0993.jpg,train,g_train_0993.jpg,position
train_0997.jpg,train,g_train_0997.jpg,text_other
train_1005.jpg,train,g_train_1005.jpg,text_other
train_1008.jpg,train,g_train_1008.jpg,text_other
train_1012.jpg,train,g_train_1012.jpg,text_other
train_1018.jpg,train,g_train_1018.jpg,position
train_1024.jpg,train,g_train_1024.jpg,text_other
train_1028.jpg,train,g_train_1028.jpg,text_other
train_1034.jpg,train,g_train_1034.jpg,price
train_1043.jpg,train,g_train_1043.jpg,text_other
train_1064.jpg,train,g_train_1064.jpg,number
train_1065.jpg,train,g_train_1065.jpg,position
train_1069.jpg,train,g_train_1069.jpg,text_other
train_1073.jpg,train,g_train_1073.jpg,price
train_1100.jpg,train,g_train_1100.jpg,text_other
train_1115.jpg,train,g_train_1115.jpg,price
train_1120.jpg,train,g_train_1120.jpg,price
train_1125.jpg,train,g_train_1125.jpg,text_other
train_1136.jpg,train,g_train_1136.jpg,text_other
train_1139.jpg,train,g_train_1139.jpg,text_other
train_1141.jpg,train,g_train_1141.jpg,text_other
train_1146.jpg,train,g_train_1146.jpg,text_other
train_1148.jpg,train,g_train_1148.jpg,text_other
train_1151.jpg,train,g_train_1151.jpg,text_other
train_1156.jpg,train,g_train_1156.jpg,text_other
train_1158.jpg,train,g_train_1158.jpg,text_other
train_1161.jpg,train,g_train_1161.jpg,price
train_1162.jpg,train,g_train_1162.jpg,text_other
train_1173.jpg,train,g_train_1173.jpg,price
train_1184.jpg,train,g_train_1184.jpg,price
train_1189.jpg,train,g_train_1189.jpg,price
train_1190.jpg,train,g_train_1190.jpg,text_other
train_1207.jpg,train,g_train_1207.jpg,text_other
train_1211.jpg,train,g_train_1211.jpg,text_other
train_1219.jpg,train,g_train_1219.jpg,price
train_1226.jpg,train,g_train_1226.jpg,position
train_1231.jpg,train,g_train_1231.jpg,text_other
train_1237.jpg,train,g_train_1237.jpg,text_other
train_1243.jpg,train,g_train_1243.jpg,text_other
train_1251.jpg,train,g_train_1251.jpg,negation
train_1254.jpg,train,g_train_1254.jpg,text_other
train_1255.jpg,train,g_train_1255.jpg,text_other
train_1256.jpg,train,g_train_1256.jpg,text_other
train_1258.jpg,train,g_train_1258.jpg,text_other
train_1261.jpg,train,g_train_1261.jpg,text_other
train_1263.jpg,train,g_train_1263.jpg,text_other
train_1266.jpg,train,g_train_1266.jpg,text_other
train_1281.jpg,train,g_train_1281.jpg,text_other
train_1298.jpg,train,g_train_1298.jpg,text_other
train_1310.jpg,train,g_train_1310.jpg,price
train_1313.jpg,train,g_train_1313.jpg,price
train_1320.jpg,train,g_train_1320.jpg,price
train_1327.jpg,train,g_train_1327.jpg,text_other
train_1328.jpg,train,g_train_1328.jpg,text_other
train_1329.jpg,train,g_train_1329.jpg,text_other
train_1340.jpg,train,g_train_1340.jpg,text_other
train_1349.jpg,train,g_train_1349.jpg,number
train_1351.jpg,train,g_train_1351.jpg,text_other
train_1353.jpg,train,g_train_1353.jpg,text_other
train_1358.jpg,train,g_train_1358.jpg,text_other
train_1359.jpg,train,g_train_1359.jpg,price
train_1362.jpg,train,g_train_1362.jpg,text_other
train_1369.jpg,train,g_train_1369.jpg,text_other
train_1372.jpg,train,g_train_1372.jpg,price
train_1381.jpg,train,g_train_1381.jpg,text_other
train_1384.jpg,train,g_train_1384.jpg,text_other
train_1385.jpg,train,g_train_1385.jpg,text_other
train_1392.jpg,train,g_train_1392.jpg,position
train_1397.jpg,train,g_train_1397.jpg,text_other
train_1402.jpg,train,g_train_1402.jpg,text_other
train_1419.jpg,train,g_train_1419.jpg,text_other
train_1423.jpg,train,g_train_1423.jpg,text_other
train_1429.jpg,train,g_train_1429.jpg,negation
train_1431.jpg,train,g_train_1431.jpg,text_other
train_1434.jpg,train,g_train_1434.jpg,text_other
train_1437.jpg,train,g_train_1437.jpg,price
train_1439.jpg,train,g_train_1439.jpg,text_other
train_1441.jpg,train,g_train_1441.jpg,text_other
train_1454.jpg,train,g_train_1454.jpg,text_other
train_1456.jpg,train,g_train_1456.jpg,text_other
train_1460.jpg,train,g_train_1460.jpg,text_other
train_1469.jpg,train,g_train_1469.jpg,text_other
train_1471.jpg,train,g_train_1471.jpg,text_other
train_1474.jpg,train,g_train_1474.jpg,text_other
train_1481.jpg,train,g_train_1481.jpg,price
train_1485.jpg,train,g_train_1485.jpg,text_other
train_1498.jpg,train,g_train_1498.jpg,text_other
train_1501.jpg,train,g_train_1501.jpg,text_other
train_1502.jpg,train,g_train_1502.jpg,price
train_1511.jpg,train,g_train_1511.jpg,text_other
train_1525.jpg,train,g_train_1525.jpg,text_other
train_1538.jpg,train,g_train_1538.jpg,text_other
train_1540.jpg,train,g_train_1540.jpg,text_other
train_1547.jpg,train,g_train_1547.jpg,price
train_1549.jpg,train,g_train_1549.jpg,text_other
train_1551.jpg,train,g_train_1551.jpg,price
train_1555.jpg,train,g_train_1555.jpg,text_other
train_1572.jpg,train,g_train_1572.jpg,text_other
train_1575.jpg,train,g_train_1575.jpg,text_other
train_1585.jpg,train,g_train_1585.jpg,text_other
train_1591.jpg,train,g_train_1591.jpg,text_other
train_1598.jpg,train,g_train_1598.jpg,number
train_1599.jpg,train,g_train_1599.jpg,text_other
train_1606.jpg,train,g_train_1606.jpg,text_other
train_1614.jpg,train,g_train_1614.jpg,number
train_1618.jpg,train,g_train_1618.jpg,text_other
train_1622.jpg,train,g_train_1622.jpg,text_other
train_1624.jpg,train,g_train_1624.jpg,text_other
train_1626.jpg,train,g_train_1626.jpg,text_other
train_1627.jpg,train,g_train_1627.jpg,text_other
train_1637.jpg,train,g_train_1637.jpg,text_other
train_1648.jpg,train,g_train_1648.jpg,text_other
train_1652.jpg,train,g_train_1652.jpg,text_other
train_1653.jpg,train,g_train_1653.jpg,text_other
train_1654.jpg,train,g_train_1654.jpg,text_other
train_1657.jpg,train,g_train_1657.jpg,number
train_1670.jpg,train,g_train_1670.jpg,text_other
train_1673.jpg,train,g_train_1673.jpg,text_other
train_1690.jpg,train,g_train_1690.jpg,position
train_1701.jpg,train,g_train_1701.jpg,text_other
train_1714.jpg,train,g_train_1714.jpg,negation
train_1717.jpg,train,g_train_1717.jpg,price
train_1718.jpg,train,g_train_1718.jpg,negation
train_1720.jpg,train,g_train_1720.jpg,text_other
train_1722.jpg,train,g_train_1722.jpg,text_other
train_1724.jpg,train,g_train_1724.jpg,text_other
train_1726.jpg,train,g_train_1726.jpg,price
train_1727.jpg,train,g_train_1727.jpg,position
train_1729.jpg,train,g_train_1729.jpg,text_other
train_1731.jpg,train,g_train_1731.jpg,text_other
train_1737.jpg,train,g_train_1737.jpg,text_other
train_1744.jpg,train,g_train_1744.jpg,negation
train_1748.jpg,train,g_train_1748.jpg,text_other
train_1758.jpg,train,g_train_1758.jpg,text_other
train_1760.jpg,train,g_train_1760.jpg,position
train_1763.jpg,train,g_train_1763.jpg,text_other
train_1772.jpg,train,g_train_1772.jpg,text_other
train_1775.jpg,train,g_train_1775.jpg,number
train_1780.jpg,train,g_train_1780.jpg,text_other
train_1781.jpg,train,g_train_1781.jpg,price
train_1782.jpg,train,g_train_1782.jpg,text_other
train_1788.jpg,train,g_train_1788.jpg,text_other
train_1793.jpg,train,g_train_1793.jpg,text_other
train_1794.jpg,train,g_train_1794.jpg,number
train_1799.jpg,train,g_train_1799.jpg,text_other
train_1802.jpg,train,g_train_1802.jpg,text_other
train_1830.jpg,train,g_train_1830.jpg,number
train_1861.jpg,train,g_train_1861.jpg,text_other
train_1866.jpg,train,g_train_1866.jpg,text_other
train_1868.jpg,train,g_train_1868.jpg,number
train_1874.jpg,train,g_train_1874.jpg,text_other
train_1878.jpg,train,g_train_1878.jpg,text_other
train_1883.jpg,train,g_train_1883.jpg,number
train_1893.jpg,train,g_train_1893.jpg,text_other
train_1896.jpg,train,g_train_1896.jpg,number
train_1897.jpg,train,g_train_1897.jpg,text_other
train_1902.jpg,train,g_train_1902.jpg,text_other
train_1924.jpg,train,g_train_1924.jpg,position
train_1932.jpg,train,g_train_1932.jpg,number
train_1939.jpg,train,g_train_1939.jpg,text_other
train_1956.jpg,train,g_train_1956.jpg,text_other
train_1962.jpg,train,g_train_1962.jpg,text_other
train_1963.jpg,train,g_train_1963.jpg,text_other
train_1971.jpg,train,g_train_1971.jpg,text_other
train_1983.jpg,train,g_train_1983.jpg,price
train_1984.jpg,train,g_train_1984.jpg,text_other
train_1985.jpg,train,g_train_1985.jpg,text_other
train_1986.jpg,train,g_train_1986.jpg,text_other
train_2012.jpg,train,g_train_2012.jpg,text_other
train_2013.jpg,train,g_train_2013.jpg,text_other
train_2027.jpg,train,g_train_2027.jpg,position
train_2028.jpg,train,g_train_2028.jpg,text_other
train_2045.jpg,train,g_train_2045.jpg,position
train_2048.jpg,train,g_train_2048.jpg,price
train_2053.jpg,train,g_train_2053.jpg,number
train_2055.jpg,train,g_train_2055.jpg,negation
train_2057.jpg,train,g_train_2057.jpg,negation
train_2067.jpg,train,g_train_2067.jpg,text_other
train_2082.jpg,train,g_train_2082.jpg,text_other
train_2085.jpg,train,g_train_2085.jpg,text_other
train_2097.jpg,train,g_train_2097.jpg,price
train_2102.jpg,train,g_train_2102.jpg,text_other
train_2110.jpg,train,g_train_2110.jpg,number
train_2111.jpg,train,g_train_2111.jpg,text_other
train_2112.jpg,train,g_train_2112.jpg,text_other
train_2117.jpg,train,g_train_2117.jpg,text_other
train_2118.jpg,train,g_train_2118.jpg,position
train_2122.jpg,train,g_train_2122.jpg,price
train_2130.jpg,train,g_train_2130.jpg,position
train_2141.jpg,train,g_train_2141.jpg,text_other
train_2149.jpg,train,g_train_2149.jpg,price
train_2152.jpg,train,g_train_2152.jpg,text_other
train_2159.jpg,train,g_train_2159.jpg,text_other
train_2167.jpg,train,g_train_2167.jpg,text_other
train_2170.jpg,train,g_train_2170.jpg,text_other
train_2176.jpg,train,g_train_2176.jpg,price
train_2185.jpg,train,g_train_2185.jpg,text_other
train_2192.jpg,train,g_train_2192.jpg,number
train_2203.jpg,train,g_train_2203.jpg,price
train_2204.jpg,train,g_train_2204.jpg,price
train_2207.jpg,train,g_train_2207.jpg,number
train_2208.jpg,train,g_train_2208.jpg,text_other
train_2210.jpg,train,g_train_2210.jpg,text_other
train_2216.jpg,train,g_train_2216.jpg,price
train_2219.jpg,train,g_train_2219.jpg,text_other
train_2231.jpg,train,g_train_2231.jpg,price
train_2232.jpg,train,g_train_2232.jpg,text_other
train_2234.jpg,train,g_train_2234.jpg,text_other
train_2237.jpg,train,g_train_2237.jpg,text_other
train_2244.jpg,train,g_train_2244.jpg,text_other
train_2254.jpg,train,g_train_2254.jpg,text_other
train_2261.jpg,train,g_train_2261.jpg,text_other
train_2264.jpg,train,g_train_2264.jpg,text_other
train_2271.jpg,train,g_train_2271.jpg,text_other
train_2285.jpg,train,g_train_2285.jpg,text_other
train_2289.jpg,train,g_train_2289.jpg,text_other
train_2310.jpg,train,g_train_2310.jpg,text_other
train_2333.jpg,train,g_train_2333.jpg,text_other
train_2336.jpg,train,g_train_2336.jpg,text_other
train_2345.jpg,train,g_train_2345.jpg,text_other
train_2346.jpg,train,g_train_2346.jpg,text_other
train_2347.jpg,train,g_train_2347.jpg,text_other
train_2349.jpg,train,g_train_2349.jpg,position
train_2352.jpg,train,g_train_2352.jpg,number
train_2359.jpg,train,g_train_2359.jpg,price
train_2361.jpg,train,g_train_2361.jpg,text_other
train_2371.jpg,train,g_train_2371.jpg,position
train_2375.jpg,train,g_train_2375.jpg,number
train_2376.jpg,train,g_train_2376.jpg,number
train_2381.jpg,train,g_train_2381.jpg,text_other
train_2387.jpg,train,g_train_2387.jpg,number
train_2392.jpg,train,g_train_2392.jpg,text_other
train_2393.jpg,train,g_train_2393.jpg,negation
train_2395.jpg,train,g_train_2395.jpg,price
train_2402.jpg,train,g_train_2402.jpg,text_other
train_2413.jpg,train,g_train_2413.jpg,negation
train_2417.jpg,train,g_train_2417.jpg,text_other
train_2427.jpg,train,g_train_2427.jpg,text_other
train_2435.jpg,train,g_train_2435.jpg,text_other
train_2436.jpg,train,g_train_2436.jpg,text_other
train_2440.jpg,train,g_train_2440.jpg,text_other
train_2441.jpg,train,g_train_2441.jpg,text_other
train_2449.jpg,train,g_train_2449.jpg,text_other
train_2464.jpg,train,g_train_2464.jpg,text_other
train_2473.jpg,train,g_train_2473.jpg,text_other
train_2485.jpg,train,g_train_2485.jpg,text_other
train_2491.jpg,train,g_train_2491.jpg,text_other
train_2494.jpg,train,g_train_2494.jpg,text_other
train_2499.jpg,train,g_train_2499.jpg,text_other
train_2500.jpg,train,g_train_2500.jpg,negation
train_2510.jpg,train,g_train_2510.jpg,text_other
train_2521.jpg,train,g_train_2521.jpg,text_other
train_2530.jpg,train,g_train_2530.jpg,text_other
train_2539.jpg,train,g_train_2539.jpg,number
train_2548.jpg,train,g_train_2548.jpg,negation
train_2567.jpg,train,g_train_2567.jpg,text_other
train_2570.jpg,train,g_train_2570.jpg,text_other
train_2576.jpg,train,g_train_2576.jpg,number
train_2578.jpg,train,g_train_2578.jpg,price
train_2580.jpg,train,g_train_2580.jpg,text_other
train_2583.jpg,train,g_train_2583.jpg,text_other
train_2590.jpg,train,g_train_2590.jpg,text_other
train_2594.jpg,train,g_train_2594.jpg,position
train_2604.jpg,train,g_train_2604.jpg,text_other
train_2607.jpg,train,g_train_2607.jpg,price
train_2608.jpg,train,g_train_2608.jpg,text_other
train_2615.jpg,train,g_train_2615.jpg,text_other
train_2619.jpg,train,g_train_2619.jpg,price
train_2626.jpg,train,g_train_2626.jpg,price
train_2627.jpg,train,g_train_2627.jpg,text_other
train_2658.jpg,train,g_train_2658.jpg,text_other
train_2661.jpg,train,g_train_2661.jpg,text_other
train_2662.jpg,train,g_train_2662.jpg,price
train_2667.jpg,train,g_train_2667.jpg,price
train_2672.jpg,train,g_train_2672.jpg,text_other
train_2674.jpg,train,g_train_2674.jpg,price
train_2684.jpg,train,g_train_2684.jpg,text_other
train_2701.jpg,train,g_train_2701.jpg,number
train_2710.jpg,train,g_train_2710.jpg,text_other
train_2714.jpg,train,g_train_2714.jpg,price
train_2715.jpg,train,g_train_2715.jpg,text_other
train_2722.jpg,train,g_train_2722.jpg,number
train_2727.jpg,train,g_train_2727.jpg,text_other
train_2732.jpg,train,g_train_2732.jpg,text_other
train_2738.jpg,train,g_train_2738.jpg,text_other
train_2740.jpg,train,g_train_2740.jpg,text_other
train_2745.jpg,train,g_train_2745.jpg,position
train_2747.jpg,train,g_train_2747.jpg,text_other
train_2748.jpg,train,g_train_2748.jpg,text_other
train_2753.jpg,train,g_train_2753.jpg,text_other
train_2760.jpg,train,g_train_2760.jpg,text_other
train_2765.jpg,train,g_train_2765.jpg,text_other
train_2773.jpg,train,g_train_2773.jpg,text_other
train_2776.jpg,train,g_train_2776.jpg,text_other
train_2784.jpg,train,g_train_2784.jpg,text_other
train_2792.jpg,train,g_train_2792.jpg,text_other
train_2800.jpg,train,g_train_2800.jpg,text_other
train_2809.jpg,train,g_train_2809.jpg,negation
train_2811.jpg,train,g_train_2811.jpg,text_other
train_2824.jpg,train,g_train_2824.jpg,text_other
train_2826.jpg,train,g_train_2826.jpg,text_other
train_2855.jpg,train,g_train_2855.jpg,text_other
train_2857.jpg,train,g_train_2857.jpg,text_other
train_2858.jpg,train,g_train_2858.jpg,text_other
train_2876.jpg,train,g_train_2876.jpg,text_other
train_2881.jpg,train,g_train_2881.jpg,price
train_2895.jpg,train,g_train_2895.jpg,text_other
train_2900.jpg,train,g_train_2900.jpg,text_other
train_2901.jpg,train,g_train_2901.jpg,price
train_2902.jpg,train,g_train_2902.jpg,text_other
train_2904.jpg,train,g_train_2904.jpg,text_other
train_2913.jpg,train,g_train_2913.jpg,number
train_2915.jpg,train,g_train_2915.jpg,text_other
train_2927.jpg,train,g_train_2927.jpg,text_other
train_2928.jpg,train,g_train_2928.jpg,number
train_2941.jpg,train,g_train_2941.jpg,text_other
train_2944.jpg,train,g_train_2944.jpg,position
train_2945.jpg,train,g_train_2945.jpg,text_other
train_2949.jpg,train,g_train_2949.jpg,text_other
train_2950.jpg,train,g_train_2950.jpg,price
train_2951.jpg,train,g_train_2951.jpg,text_other
train_2953.jpg,train,g_train_2953.jpg,price
train_2955.jpg,train,g_train_2955.jpg,text_other
train_2960.jpg,train,g_train_2960.jpg,price
train_2968.jpg,train,g_train_2968.jpg,text_other
train_2975.jpg,train,g_train_2975.jpg,text_other
train_2988.jpg,train,g_train_2988.jpg,negation
train_2992.jpg,train,g_train_2992.jpg,text_other
train_2995.jpg,train,g_train_2995.jpg,text_other
train_2999.jpg,train,g_train_2999.jpg,text_other
train_3002.jpg,train,g_train_3002.jpg,text_other
train_3003.jpg,train,g_train_3003.jpg,price
train_3004.jpg,train,g_train_3004.jpg,text_other
train_3024.jpg,train,g_train_3024.jpg,price
train_3025.jpg,train,g_train_3025.jpg,text_other
train_3027.jpg,train,g_train_3027.jpg,position
train_3032.jpg,train,g_train_3032.jpg,text_other
train_3034.jpg,train,g_train_3034.jpg,text_other
train_3038.jpg,train,g_train_3038.jpg,number
train_3042.jpg,train,g_train_3042.jpg,text_other
train_3047.jpg,train,g_train_3047.jpg,text_other
train_3054.jpg,train,g_train_3054.jpg,position
train_3055.jpg,train,g_train_3055.jpg,price
train_3066.jpg,train,g_train_3066.jpg,number
train_3072.jpg,train,g_train_3072.jpg,text_other
train_3073.jpg,train,g_train_3073.jpg,text_other
train_3074.jpg,train,g_train_3074.jpg,text_other
train_3081.jpg,train,g_train_3081.jpg,text_other
train_3089.jpg,train,g_train_3089.jpg,text_other
train_3094.jpg,train,g_train_3094.jpg,text_other
train_3105.jpg,train,g_train_3105.jpg,text_other
train_3106.jpg,train,g_train_3106.jpg,price
train_3122.jpg,train,g_train_3122.jpg,text_other
train_3131.jpg,train,g_train_3131.jpg,text_other
train_3134.jpg,train,g_train_3134.jpg,text_other
train_3141.jpg,train,g_train_3141.jpg,text_other
train_3146.jpg,train,g_train_3146.jpg,number
train_3148.jpg,train,g_train_3148.jpg,number
train_3154.jpg,train,g_train_3154.jpg,text_other
train_3156.jpg,train,g_train_3156.jpg,text_other
train_3158.jpg,train,g_train_3158.jpg,text_other
train_3164.jpg,train,g_train_3164.jpg,text_other
train_3178.jpg,train,g_train_3178.jpg,text_other
train_3187.jpg,train,g_train_3187.jpg,text_other
train_3188.jpg,train,g_train_3188.jpg,text_other
train_3213.jpg,train,g_train_3213.jpg,position
train_3220.jpg,train,g_train_3220.jpg,text_other
train_3232.jpg,train,g_train_3232.jpg,price
train_3234.jpg,train,g_train_3234.jpg,position
train_3235.jpg,train,g_train_3235.jpg,text_other
train_3237.jpg,train,g_train_3237.jpg,text_other
train_3242.jpg,train,g_train_3242.jpg,text_other
train_3244.jpg,train,g_train_3244.jpg,price
train_3250.jpg,train,g_train_3250.jpg,position
train_3251.jpg,train,g_train_3251.jpg,negation
train_3259.jpg,train,g_train_3259.jpg,text_other
train_3286.jpg,train,g_train_3286.jpg,text_other
train_3299.jpg,train,g_train_3299.jpg,number
train_3302.jpg,train,g_train_3302.jpg,price
train_3313.jpg,train,g_train_3313.jpg,text_other
train_3317.jpg,train,g_train_3317.jpg,number
train_3331.jpg,train,g_train_3331.jpg,text_other
train_3332.jpg,train,g_train_3332.jpg,text_other
train_3348.jpg,train,g_train_3348.jpg,text_other
train_3357.jpg,train,g_train_3357.jpg,number
train_3365.jpg,train,g_train_3365.jpg,text_other
train_3369.jpg,train,g_train_3369.jpg,price
train_3381.jpg,train,g_train_3381.jpg,price
train_3394.jpg,train,g_train_3394.jpg,text_other
train_3413.jpg,train,g_train_3413.jpg,position
train_3414.jpg,train,g_train_3414.jpg,number
train_3416.jpg,train,g_train_3416.jpg,text_other
train_3422.jpg,train,g_train_3422.jpg,position
train_3426.jpg,train,g_train_3426.jpg,text_other
train_3435.jpg,train,g_train_3435.jpg,text_other
train_3445.jpg,train,g_train_3445.jpg,text_other
train_3446.jpg,train,g_train_3446.jpg,number
train_3451.jpg,train,g_train_3451.jpg,text_other
train_3456.jpg,train,g_train_3456.jpg,negation
train_3461.jpg,train,g_train_3461.jpg,negation
train_3490.jpg,train,g_train_3490.jpg,text_other
train_3491.jpg,train,g_train_3491.jpg,text_other
train_3497.jpg,train,g_train_3497.jpg,number
train_3498.jpg,train,g_train_3498.jpg,text_other
train_3499.jpg,train,g_train_3499.jpg,text_other
train_3511.jpg,train,g_train_3511.jpg,text_other
train_3512.jpg,train,g_train_3512.jpg,text_other
train_3524.jpg,train,g_train_3524.jpg,text_other
train_3526.jpg,train,g_train_3526.jpg,text_other
train_3530.jpg,train,g_train_3530.jpg,text_other
train_3532.jpg,train,g_train_3532.jpg,position
train_3539.jpg,train,g_train_3539.jpg,text_other
train_3544.jpg,train,g_train_3544.jpg,price
train_3549.jpg,train,g_train_3549.jpg,text_other
train_3554.jpg,train,g_train_3554.jpg,text_other
train_3559.jpg,train,g_train_3559.jpg,price
train_3570.jpg,train,g_train_3570.jpg,position
train_3589.jpg,train,g_train_3589.jpg,number
train_3602.jpg,train,g_train_3602.jpg,text_other
train_3606.jpg,train,g_train_3606.jpg,negation
train_3607.jpg,train,g_train_3607.jpg,text_other
train_3610.jpg,train,g_train_3610.jpg,number
train_3620.jpg,train,g_train_3620.jpg,text_other
train_3626.jpg,train,g_train_3626.jpg,text_other
train_3664.jpg,train,g_train_3664.jpg,text_other
train_3667.jpg,train,g_train_3667.jpg,number
train_3669.jpg,train,g_train_3669.jpg,text_other
train_3695.jpg,train,g_train_3695.jpg,text_other
train_3696.jpg,train,g_train_3696.jpg,price
train_3701.jpg,train,g_train_3701.jpg,text_other
train_3702.jpg,train,g_train_3702.jpg,negation
train_3704.jpg,train,g_train_3704.jpg,text_other
train_3707.jpg,train,g_train_3707.jpg,text_other
train_3711.jpg,train,g_train_3711.jpg,text_other
train_3717.jpg,train,g_train_3717.jpg,text_other
train_3734.jpg,train,g_train_3734.jpg,text_other
train_3738.jpg,train,g_train_3738.jpg,position
train_3742.jpg,train,g_train_3742.jpg,text_other
train_3745.jpg,train,g_train_3745.jpg,negation
train_3770.jpg,train,g_train_3770.jpg,number
train_3784.jpg,train,g_train_3784.jpg,text_other
train_3790.jpg,train,g_train_3790.jpg,text_other
train_3800.jpg,train,g_train_3800.jpg,negation
train_3802.jpg,train,g_train_3802.jpg,number
train_3805.jpg,train,g_train_3805.jpg,text_other
train_3806.jpg,train,g_train_3806.jpg,text_other
train_3807.jpg,train,g_train_3807.jpg,text_other
train_3814.jpg,train,g_train_3814.jpg,text_other
train_3816.jpg,train,g_train_3816.jpg,negation
train_3830.jpg,train,g_train_3830.jpg,text_other
train_3833.jpg,train,g_train_3833.jpg,text_other
train_3851.jpg,train,g_train_3851.jpg,text_other
train_3853.jpg,train,g_train_3853.jpg,text_other
train_3860.jpg,train,g_train_3860.jpg,text_other
train_3867.jpg,train,g_train_3867.jpg,text_other
train_3875.jpg,train,g_train_3875.jpg,price
train_3890.jpg,train,g_train_3890.jpg,text_other
train_3898.jpg,train,g_train_3898.jpg,position
train_3903.jpg,train,g_train_3903.jpg,negation
train_3904.jpg,train,g_train_3904.jpg,text_other
train_3905.jpg,train,g_train_3905.jpg,text_other
train_3910.jpg,train,g_train_3910.jpg,price
train_3925.jpg,train,g_train_3925.jpg,number
train_3934.jpg,train,g_train_3934.jpg,text_other
train_3943.jpg,train,g_train_3943.jpg,price
train_3973.jpg,train,g_train_3973.jpg,text_other
train_3978.jpg,train,g_train_3978.jpg,negation
train_3996.jpg,train,g_train_3996.jpg,price
train_3999.jpg,train,g_train_3999.jpg,number
train_4005.jpg,train,g_train_4005.jpg,text_other
train_4011.jpg,train,g_train_4011.jpg,text_other
train_4015.jpg,train,g_train_4015.jpg,text_other
train_4021.jpg,train,g_train_4021.jpg,text_other
train_4024.jpg,train,g_train_4024.jpg,text_other
train_4026.jpg,train,g_train_4026.jpg,price
train_4034.jpg,train,g_train_4034.jpg,text_other
train_4043.jpg,train,g_train_4043.jpg,price
train_4045.jpg,train,g_train_4045.jpg,position
train_4054.jpg,train,g_train_4054.jpg,text_other
train_4071.jpg,train,g_train_4071.jpg,text_other
train_4073.jpg,train,g_train_4073.jpg,text_other
train_4075.jpg,train,g_train_4075.jpg,negation
train_4078.jpg,train,g_train_4078.jpg,text_other
train_4083.jpg,train,g_train_4083.jpg,text_other
train_4090.jpg,train,g_train_4090.jpg,text_other
train_4095.jpg,train,g_train_4095.jpg,text_other
train_4098.jpg,train,g_train_4098.jpg,text_other
train_4109.jpg,train,g_train_4109.jpg,text_other
train_4116.jpg,train,g_train_4116.jpg,text_other
train_4118.jpg,train,g_train_4118.jpg,text_other
train_4119.jpg,train,g_train_4119.jpg,price
train_4142.jpg,train,g_train_4142.jpg,price
train_4152.jpg,train,g_train_4152.jpg,text_other
train_4155.jpg,train,g_train_4155.jpg,text_other
train_4162.jpg,train,g_train_4162.jpg,text_other
train_4168.jpg,train,g_train_4168.jpg,negation
train_4182.jpg,train,g_train_4182.jpg,negation
train_4188.jpg,train,g_train_4188.jpg,text_other
train_4191.jpg,train,g_train_4191.jpg,position
train_4195.jpg,train,g_train_4195.jpg,text_other
train_4203.jpg,train,g_train_4203.jpg,text_other
train_4205.jpg,train,g_train_4205.jpg,text_other
train_4216.jpg,train,g_train_4216.jpg,text_other
train_4231.jpg,train,g_train_4231.jpg,negation
train_4235.jpg,train,g_train_4235.jpg,text_other
train_4246.jpg,train,g_train_4246.jpg,text_other
train_4254.jpg,train,g_train_4254.jpg,text_other
train_4255.jpg,train,g_train_4255.jpg,price
train_4260.jpg,train,g_train_4260.jpg,price
train_4265.jpg,train,g_train_4265.jpg,negation
train_4269.jpg,train,g_train_4269.jpg,text_other
train_4276.jpg,train,g_train_4276.jpg,text_other
train_4280.jpg,train,g_train_4280.jpg,text_other
train_4284.jpg,train,g_train_4284.jpg,text_other
train_4296.jpg,train,g_train_4296.jpg,text_other
train_4299.jpg,train,g_train_4299.jpg,text_other
train_4302.jpg,train,g_train_4302.jpg,text_other
train_4304.jpg,train,g_train_4304.jpg,text_other
train_4306.jpg,train,g_train_4306.jpg,text_other
train_4307.jpg,train,g_train_4307.jpg,text_other
train_4310.jpg,train,g_train_4310.jpg,text_other
train_4321.jpg,train,g_train_4321.jpg,text_other
train_4326.jpg,train,g_train_4326.jpg,price
train_4327.jpg,train,g_train_4327.jpg,position
train_4329.jpg,train,g_train_4329.jpg,position
train_4334.jpg,train,g_train_4334.jpg,text_other
train_4343.jpg,train,g_train_4343.jpg,text_other
train_4348.jpg,train,g_train_4348.jpg,text_other
train_4369.jpg,train,g_train_4369.jpg,negation
train_4377.jpg,train,g_train_4377.jpg,text_other
train_4383.jpg,train,g_train_4383.jpg,text_other
train_4388.jpg,train,g_train_4388.jpg,text_other
train_4392.jpg,train,g_train_4392.jpg,negation
train_4398.jpg,train,g_train_4398.jpg,number
train_4425.jpg,train,g_train_4425.jpg,text_other
train_4428.jpg,train,g_train_4428.jpg,number
train_4437.jpg,train,g_train_4437.jpg,text_other
train_4448.jpg,train,g_train_4448.jpg,text_other
train_4460.jpg,train,g_train_4460.jpg,text_other
train_4464.jpg,train,g_train_4464.jpg,text_other
train_4465.jpg,train,g_train_4465.jpg,price
train_4468.jpg,train,g_train_4468.jpg,text_other
train_4480.jpg,train,g_train_4480.jpg,text_other
train_4481.jpg,train,g_train_4481.jpg,negation
train_4492.jpg,train,g_train_4492.jpg,text_other
train_4497.jpg,train,g_train_4497.jpg,price
train_4498.jpg,train,g_train_4498.jpg,number
train_4499.jpg,train,g_train_4499.jpg,price
train_4500.jpg,train,g_train_4500.jpg,text_other
train_4502.jpg,train,g_train_4502.jpg,position
train_4506.jpg,train,g_train_4506.jpg,price
train_4511.jpg,train,g_train_4511.jpg,text_other
train_4515.jpg,train,g_train_4515.jpg,price
train_4545.jpg,train,g_train_4545.jpg,text_other
train_4551.jpg,train,g_train_4551.jpg,number
train_4553.jpg,train,g_train_4553.jpg,text_other
train_4556.jpg,train,g_train_4556.jpg,text_other
train_4563.jpg,train,g_train_4563.jpg,number
train_4571.jpg,train,g_train_4571.jpg,text_other
train_4573.jpg,train,g_train_4573.jpg,text_other
train_4594.jpg,train,g_train_4594.jpg,text_other
train_4607.jpg,train,g_train_4607.jpg,text_other
train_4608.jpg,train,g_train_4608.jpg,price
train_4620.jpg,train,g_train_4620.jpg,text_other
train_4624.jpg,train,g_train_4624.jpg,text_other
train_4626.jpg,train,g_train_4626.jpg,text_other
train_4641.jpg,train,g_train_4641.jpg,text_other
train_4647.jpg,train,g_train_4647.jpg,text_other
train_4659.jpg,train,g_train_4659.jpg,text_other
train_4666.jpg,train,g_train_4666.jpg,position
train_4695.jpg,train,g_train_4695.jpg,number
train_4697.jpg,train,g_train_4697.jpg,number
train_4700.jpg,train,g_train_4700.jpg,negation
train_4706.jpg,train,g_train_4706.jpg,negation
train_4708.jpg,train,g_train_4708.jpg,text_other
train_4709.jpg,train,g_train_4709.jpg,text_other
train_4722.jpg,train,g_train_4722.jpg,position
train_4734.jpg,train,g_train_4734.jpg,text_other
train_4738.jpg,train,g_train_4738.jpg,price
train_4743.jpg,train,g_train_4743.jpg,number
train_4753.jpg,train,g_train_4753.jpg,text_other
train_4768.jpg,train,g_train_4768.jpg,text_other
train_4775.jpg,train,g_train_4775.jpg,text_other
train_4791.jpg,train,g_train_4791.jpg,negation
train_4793.jpg,train,g_train_4793.jpg,price
train_4795.jpg,train,g_train_4795.jpg,text_other
train_4797.jpg,train,g_train_4797.jpg,text_other
train_4800.jpg,train,g_train_4800.jpg,position
train_4803.jpg,train,g_train_4803.jpg,text_other
train_4818.jpg,train,g_train_4818.jpg,text_other
train_4823.jpg,train,g_train_4823.jpg,price
train_4825.jpg,train,g_train_4825.jpg,price
train_4835.jpg,train,g_train_4835.jpg,text_other
train_4838.jpg,train,g_train_4838.jpg,number
train_4855.jpg,train,g_train_4855.jpg,text_other
train_4860.jpg,train,g_train_4860.jpg,number
train_4864.jpg,train,g_train_4864.jpg,text_other
train_4871.jpg,train,g_train_4871.jpg,text_other
train_4874.jpg,train,g_train_4874.jpg,text_other
train_4884.jpg,train,g_train_4884.jpg,text_other
train_4899.jpg,train,g_train_4899.jpg,number
train_4905.jpg,train,g_train_4905.jpg,text_other
train_4909.jpg,train,g_train_4909.jpg,text_other
train_4910.jpg,train,g_train_4910.jpg,number
train_4927.jpg,train,g_train_4927.jpg,text_other
train_4928.jpg,train,g_train_4928.jpg,price
train_4940.jpg,train,g_train_4940.jpg,negation
train_4948.jpg,train,g_train_4948.jpg,position
train_4952.jpg,train,g_train_4952.jpg,text_other
train_4955.jpg,train,g_train_4955.jpg,text_other
train_4966.jpg,train,g_train_4966.jpg,text_other
train_4989.jpg,train,g_train_4989.jpg,text_other
train_4990.jpg,train,g_train_4990.jpg,text_other
train_4993.jpg,train,g_train_4993.jpg,text_other
train_4996.jpg,train,g_train_4996.jpg,text_other
train_4998.jpg,train,g_train_4998.jpg,text_other
train_5004.jpg,train,g_train_5004.jpg,text_other
train_5005.jpg,train,g_train_5005.jpg,text_other
train_5010.jpg,train,g_train_5010.jpg,negation
train_5012.jpg,train,g_train_5012.jpg,price
train_5015.jpg,train,g_train_5015.jpg,position
train_5019.jpg,train,g_train_5019.jpg,number
train_5023.jpg,train,g_train_5023.jpg,text_other
train_5027.jpg,train,g_train_5027.jpg,price
train_5028.jpg,train,g_train_5028.jpg,text_other
train_5047.jpg,train,g_train_5047.jpg,text_other
train_5049.jpg,train,g_train_5049.jpg,text_other
train_5068.jpg,train,g_train_5068.jpg,text_other
train_5076.jpg,train,g_train_5076.jpg,text_other
train_5080.jpg,train,g_train_5080.jpg,text_other
train_5087.jpg,train,g_train_5087.jpg,text_other
train_5090.jpg,train,g_train_5090.jpg,text_other
train_5093.jpg,train,g_train_5093.jpg,text_other
train_5106.jpg,train,g_train_5106.jpg,text_other
train_5107.jpg,train,g_train_5107.jpg,price
train_5109.jpg,train,g_train_5109.jpg,text_other
train_5112.jpg,train,g_train_5112.jpg,price
train_5118.jpg,train,g_train_5118.jpg,position
train_5121.jpg,train,g_train_5121.jpg,text_other
train_5126.jpg,train,g_train_5126.jpg,text_other
train_5127.jpg,train,g_train_5127.jpg,text_other
train_5135.jpg,train,g_train_5135.jpg,text_other
train_5138.jpg,train,g_train_5138.jpg,text_other
train_5147.jpg,train,g_train_5147.jpg,position
train_5153.jpg,train,g_train_5153.jpg,position
train_5163.jpg,train,g_train_5163.jpg,text_other
train_5165.jpg,train,g_train_5165.jpg,number
train_5174.jpg,train,g_train_5174.jpg,text_other
train_5180.jpg,train,g_train_5180.jpg,text_other
train_5182.jpg,train,g_train_5182.jpg,number
train_5184.jpg,train,g_train_5184.jpg,text_other
train_5188.jpg,train,g_train_5188.jpg,text_other
train_5194.jpg,train,g_train_5194.jpg,text_other
train_5205.jpg,train,g_train_5205.jpg,text_other
train_5207.jpg,train,g_train_5207.jpg,price
train_5208.jpg,train,g_train_5208.jpg,text_other
train_5218.jpg,train,g_train_5218.jpg,text_other
train_5225.jpg,train,g_train_5225.jpg,price
train_5230.jpg,train,g_train_5230.jpg,price
train_5242.jpg,train,g_train_5242.jpg,number
train_5268.jpg,train,g_train_5268.jpg,text_other
train_5283.jpg,train,g_train_5283.jpg,text_other
train_5287.jpg,train,g_train_5287.jpg,number
train_5299.jpg,train,g_train_5299.jpg,text_other
train_5303.jpg,train,g_train_5303.jpg,position
train_5311.jpg,train,g_train_5311.jpg,position
train_5342.jpg,train,g_train_5342.jpg,text_other
train_5344.jpg,train,g_train_5344.jpg,position
train_5347.jpg,train,g_train_5347.jpg,text_other
train_5354.jpg,train,g_train_5354.jpg,text_other
train_5367.jpg,train,g_train_5367.jpg,negation
train_5374.jpg,train,g_train_5374.jpg,negation
train_5381.jpg,train,g_train_5381.jpg,text_other
train_5383.jpg,train,g_train_5383.jpg,text_other
train_5390.jpg,train,g_train_5390.jpg,position
train_5412.jpg,train,g_train_5412.jpg,price
train_5420.jpg,train,g_train_5420.jpg,price
train_5425.jpg,train,g_train_5425.jpg,text_other
train_5437.jpg,train,g_train_5437.jpg,text_other
train_5448.jpg,train,g_train_5448.jpg,negation
train_5469.jpg,train,g_train_5469.jpg,text_other
train_5470.jpg,train,g_train_5470.jpg,text_other
train_5485.jpg,train,g_train_5485.jpg,price
train_5497.jpg,train,g_train_5497.jpg,price
train_5498.jpg,train,g_train_5498.jpg,text_other
train_5500.jpg,train,g_train_5500.jpg,text_other
train_5501.jpg,train,g_train_5501.jpg,text_other
train_5505.jpg,train,g_train_5505.jpg,number
train_5506.jpg,train,g_train_5506.jpg,position
train_5511.jpg,train,g_train_5511.jpg,text_other
train_5527.jpg,train,g_train_5527.jpg,price
train_5529.jpg,train,g_train_5529.jpg,text_other
train_5530.jpg,train,g_train_5530.jpg,text_other
train_5535.jpg,train,g_train_5535.jpg,price
train_5544.jpg,train,g_train_5544.jpg,number
train_5552.jpg,train,g_train_5552.jpg,text_other
train_5554.jpg,train,g_train_5554.jpg,text_other
train_5556.jpg,train,g_train_5556.jpg,text_other
train_5559.jpg,train,g_train_5559.jpg,text_other
train_5566.jpg,train,g_train_5566.jpg,text_other
train_5571.jpg,train,g_train_5571.jpg,text_other
train_5574.jpg,train,g_train_5574.jpg,price
train_5580.jpg,train,g_train_5580.jpg,text_other
train_5586.jpg,train,g_train_5586.jpg,text_other
train_5591.jpg,train,g_train_5591.jpg,text_other
train_5611.jpg,train,g_train_5611.jpg,text_other
train_5612.jpg,train,g_train_5612.jpg,number
train_5613.jpg,train,g_train_5613.jpg,price
train_5617.jpg,train,g_train_5617.jpg,negation
train_5620.jpg,train,g_train_5620.jpg,text_other
train_5623.jpg,train,g_train_5623.jpg,text_other
train_5629.jpg,train,g_train_5629.jpg,text_other
train_5660.jpg,train,g_train_5660.jpg,text_other
train_5677.jpg,train,g_train_5677.jpg,text_other
train_5700.jpg,train,g_train_5700.jpg,text_other
train_5720.jpg,train,g_train_5720.jpg,text_other
train_5722.jpg,train,g_train_5722.jpg,text_other
train_5724.jpg,train,g_train_5724.jpg,text_other
train_5728.jpg,train,g_train_5728.jpg,price
train_5737.jpg,train,g_train_5737.jpg,text_other
train_5742.jpg,train,g_train_5742.jpg,price
train_5745.jpg,train,g_train_5745.jpg,text_other
train_5750.jpg,train,g_train_5750.jpg,price
train_5755.jpg,train,g_train_5755.jpg,text_other
train_5756.jpg,train,g_train_5756.jpg,text_other
train_5759.jpg,train,g_train_5759.jpg,text_other
train_5760.jpg,train,g_train_5760.jpg,price
train_5761.jpg,train,g_train_5761.jpg,text_other
train_5767.jpg,train,g_train_5767.jpg,text_other
train_5772.jpg,train,g_train_5772.jpg,number
train_5773.jpg,train,g_train_5773.jpg,text_other
train_5780.jpg,train,g_train_5780.jpg,text_other
train_5784.jpg,train,g_train_5784.jpg,text_other
train_5789.jpg,train,g_train_5789.jpg,number
train_5800.jpg,train,g_train_5800.jpg,text_other
train_5807.jpg,train,g_train_5807.jpg,price
train_5813.jpg,train,g_train_5813.jpg,text_other
train_5820.jpg,train,g_train_5820.jpg,text_other
train_5823.jpg,train,g_train_5823.jpg,text_other
train_5824.jpg,train,g_train_5824.jpg,text_other
train_5837.jpg,train,g_train_5837.jpg,text_other
train_5841.jpg,train,g_train_5841.jpg,text_other
train_5846.jpg,train,g_train_5846.jpg,text_other
train_5875.jpg,train,g_train_5875.jpg,text_other
train_5881.jpg,train,g_train_5881.jpg,text_other
train_5895.jpg,train,g_train_5895.jpg,text_other
train_5900.jpg,train,g_train_5900.jpg,number
train_5907.jpg,train,g_train_5907.jpg,text_other
train_5908.jpg,train,g_train_5908.jpg,price
train_5909.jpg,train,g_train_5909.jpg,text_other
train_5921.jpg,train,g_train_5921.jpg,price
train_5931.jpg,train,g_train_5931.jpg,text_other
train_5934.jpg,train,g_train_5934.jpg,number
train_5935.jpg,train,g_train_5935.jpg,text_other
train_5944.jpg,train,g_train_5944.jpg,text_other
train_5946.jpg,train,g_train_5946.jpg,number
train_5954.jpg,train,g_train_5954.jpg,text_other
train_5956.jpg,train,g_train_5956.jpg,text_other
train_5961.jpg,train,g_train_5961.jpg,number
train_5990.jpg,train,g_train_5990.jpg,text_other
train_6018.jpg,train,g_train_6018.jpg,number
train_6033.jpg,train,g_train_6033.jpg,text_other
train_6034.jpg,train,g_train_6034.jpg,price
train_6035.jpg,train,g_train_6035.jpg,text_other
train_6044.jpg,train,g_train_6044.jpg,text_other
train_6058.jpg,train,g_train_6058.jpg,text_other
train_6068.jpg,train,g_train_6068.jpg,number
train_6069.jpg,train,g_train_6069.jpg,text_other
train_6078.jpg,train,g_train_6078.jpg,number
train_6084.jpg,train,g_train_6084.jpg,text_other
train_6085.jpg,train,g_train_6085.jpg,text_other
train_6094.jpg,train,g_train_6094.jpg,price
train_6108.jpg,train,g_train_6108.jpg,text_other
train_6113.jpg,train,g_train_6113.jpg,text_other
train_6121.jpg,train,g_train_6121.jpg,negation
train_6122.jpg,train,g_train_6122.jpg,text_other
train_6145.jpg,train,g_train_6145.jpg,price
train_6147.jpg,train,g_train_6147.jpg,negation
train_6150.jpg,train,g_train_6150.jpg,price
train_6163.jpg,train,g_train_6163.jpg,text_other
train_6164.jpg,train,g_train_6164.jpg,text_other
train_6166.jpg,train,g_train_6166.jpg,text_other
train_6169.jpg,train,g_train_6169.jpg,text_other
train_6178.jpg,train,g_train_6178.jpg,text_other
train_6191.jpg,train,g_train_6191.jpg,negation
train_6193.jpg,train,g_train_6193.jpg,text_other
train_6194.jpg,train,g_train_6194.jpg,text_other
train_6195.jpg,train,g_train_6195.jpg,text_other
train_6197.jpg,train,g_train_6197.jpg,price
train_6200.jpg,train,g_train_6200.jpg,price
train_6207.jpg,train,g_train_6207.jpg,text_other
train_6215.jpg,train,g_train_6215.jpg,text_other
train_6222.jpg,train,g_train_6222.jpg,text_other
train_6225.jpg,train,g_train_6225.jpg,text_other
train_6235.jpg,train,g_train_6235.jpg,text_other
train_6246.jpg,train,g_train_6246.jpg,text_other
train_6248.jpg,train,g_train_6248.jpg,text_other
train_6252.jpg,train,g_train_6252.jpg,price
train_6254.jpg,train,g_train_6254.jpg,text_other
train_6256.jpg,train,g_train_6256.jpg,text_other
train_6257.jpg,train,g_train_6257.jpg,text_other
train_6262.jpg,train,g_train_6262.jpg,text_other
train_6265.jpg,train,g_train_6265.jpg,text_other
train_6267.jpg,train,g_train_6267.jpg,text_other
train_6272.jpg,train,g_train_6272.jpg,price
train_6278.jpg,train,g_train_6278.jpg,text_other
train_6279.jpg,train,g_train_6279.jpg,text_other
train_6311.jpg,train,g_train_6311.jpg,text_other
train_6323.jpg,train,g_train_6323.jpg,text_other
train_6328.jpg,train,g_train_6328.jpg,text_other
train_6336.jpg,train,g_train_6336.jpg,text_other
train_6343.jpg,train,g_train_6343.jpg,text_other
train_6346.jpg,train,g_train_6346.jpg,price
train_6356.jpg,train,g_train_6356.jpg,position
train_6373.jpg,train,g_train_6373.jpg,text_other
train_6374.jpg,train,g_train_6374.jpg,position
train_6378.jpg,train,g_train_6378.jpg,text_other
train_6390.jpg,train,g_train_6390.jpg,position
train_6391.jpg,train,g_train_6391.jpg,position
train_6392.jpg,train,g_train_6392.jpg,text_other
train_6415.jpg,train,g_train_6415.jpg,text_other
train_6429.jpg,train,g_train_6429.jpg,text_other
train_6445.jpg,train,g_train_6445.jpg,price
train_6448.jpg,train,g_train_6448.jpg,position
train_6460.jpg,train,g_train_6460.jpg,text_other
train_6462.jpg,train,g_train_6462.jpg,text_other
train_6468.jpg,train,g_train_6468.jpg,text_other
train_6477.jpg,train,g_train_6477.jpg,text_other
train_6480.jpg,train,g_train_6480.jpg,text_other
train_6484.jpg,train,g_train_6484.jpg,text_other
train_6494.jpg,train,g_train_6494.jpg,number
train_6496.jpg,train,g_train_6496.jpg,text_other
train_6505.jpg,train,g_train_6505.jpg,text_other
train_6516.jpg,train,g_train_6516.jpg,negation
train_6518.jpg,train,g_train_6518.jpg,text_other
train_6527.jpg,train,g_train_6527.jpg,position
train_6529.jpg,train,g_train_6529.jpg,text_other
train_6530.jpg,train,g_train_6530.jpg,text_other
train_6533.jpg,train,g_train_6533.jpg,number
train_6542.jpg,train,g_train_6542.jpg,text_other
train_6546.jpg,train,g_train_6546.jpg,negation
train_6547.jpg,train,g_train_6547.jpg,text_other
train_6550.jpg,train,g_train_6550.jpg,text_other
train_6552.jpg,train,g_train_6552.jpg,text_other
train_6570.jpg,train,g_train_6570.jpg,text_other
train_6596.jpg,train,g_train_6596.jpg,text_other
train_6600.jpg,train,g_train_6600.jpg,text_other
train_6608.jpg,train,g_train_6608.jpg,text_other
train_6609.jpg,train,g_train_6609.jpg,text_other
train_6613.jpg,train,g_train_6613.jpg,text_other
train_6614.jpg,train,g_train_6614.jpg,text_other
train_6620.jpg,train,g_train_6620.jpg,price
train_6624.jpg,train,g_train_6624.jpg,price
train_6637.jpg,train,g_train_6637.jpg,text_other
train_6638.jpg,train,g_train_6638.jpg,price
train_6662.jpg,train,g_train_6662.jpg,text_other
train_6664.jpg,train,g_train_6664.jpg,text_other
train_6677.jpg,train,g_train_6677.jpg,text_other
train_6689.jpg,train,g_train_6689.jpg,position
train_6693.jpg,train,g_train_6693.jpg,text_other
train_6702.jpg,train,g_train_6702.jpg,price
train_6705.jpg,train,g_train_6705.jpg,number
train_6707.jpg,train,g_train_6707.jpg,text_other
