update,mean_loss,lr
1,13.085744857788086,1.4285714285714285e-05
2,12.701572179794312,2.857142857142857e-05
3,12.383474826812744,4.2857142857142856e-05
4,12.745249509811401,5.714285714285714e-05
5,12.50061845779419,7.142857142857143e-05
6,13.106454610824585,8.571428571428571e-05
7,11.601915121078491,0.0001
8,11.729860067367554,9.958847736625515e-05
9,11.806394815444946,9.91769547325103e-05
10,10.397155523300171,9.876543209876543e-05
11,9.089728355407715,9.835390946502057e-05
12,8.763303518295288,9.794238683127573e-05
13,7.91156530380249,9.753086419753087e-05
14,7.51462185382843,9.711934156378602e-05
15,6.464373826980591,9.670781893004116e-05
16,5.811671018600464,9.62962962962963e-05
17,4.658422112464905,9.588477366255144e-05
18,4.619045972824097,9.547325102880659e-05
19,4.098546624183655,9.506172839506173e-05
20,3.5441707968711853,9.465020576131688e-05
21,2.972082793712616,9.423868312757202e-05
22,2.5358347296714783,9.382716049382717e-05
23,1.679874449968338,9.341563786008231e-05
24,1.3081985712051392,9.300411522633746e-05
25,1.1440053880214691,9.25925925925926e-05
26,0.6705090403556824,9.218106995884775e-05
27,0.6703258007764816,9.176954732510289e-05
28,0.4801008328795433,9.135802469135802e-05
29,0.5709979832172394,9.094650205761317e-05
30,0.48737216740846634,9.053497942386831e-05
31,0.5620925351977348,9.012345679012346e-05
32,0.32661522924900055,8.97119341563786e-05
33,0.3548946902155876,8.930041152263375e-05
34,0.5102892890572548,8.888888888888889e-05
35,0.45375169068574905,8.847736625514404e-05
36,0.4450058490037918,8.806584362139918e-05
37,0.403972290456295,8.765432098765433e-05
38,0.5534834191203117,8.724279835390947e-05
39,0.34558749198913574,8.683127572016462e-05
40,0.31645750254392624,8.641975308641975e-05
41,0.2723027765750885,8.60082304526749e-05
42,0.30193760618567467,8.559670781893004e-05
43,0.3146188147366047,8.518518518518518e-05
44,0.31748049706220627,8.477366255144033e-05
45,0.3774188496172428,8.436213991769549e-05
46,0.39014244452118874,8.395061728395062e-05
47,0.2920931540429592,8.353909465020576e-05
48,0.34965241327881813,8.312757201646091e-05
49,0.41891807317733765,8.271604938271605e-05
50,0.4742751866579056,8.23045267489712e-05
51,0.21695195883512497,8.189300411522634e-05
52,0.21435797959566116,8.148148148148148e-05
53,0.27962613478302956,8.106995884773662e-05
54,0.2914670407772064,8.065843621399177e-05
55,0.18146734684705734,8.024691358024692e-05
56,0.34865662455558777,7.983539094650207e-05
57,0.25892411917448044,7.942386831275721e-05
58,0.19919196516275406,7.901234567901235e-05
59,0.18566274270415306,7.860082304526749e-05
60,0.28167054057121277,7.818930041152264e-05
61,0.2797800935804844,7.777777777777778e-05
62,0.46083783358335495,7.736625514403293e-05
63,0.25874998420476913,7.695473251028807e-05
64,0.267033614218235,7.65432098765432e-05
65,0.25710657611489296,7.613168724279836e-05
66,0.28057805821299553,7.57201646090535e-05
67,0.28646641969680786,7.530864197530865e-05
68,0.32519103214144707,7.48971193415638e-05
69,0.21448956429958344,7.448559670781894e-05
70,0.3337632045149803,7.407407407407407e-05
71,0.23100151866674423,7.366255144032922e-05
72,0.266353003680706,7.325102880658436e-05
73,0.23223654553294182,7.283950617283951e-05
74,0.240865346044302,7.242798353909465e-05
75,0.30251287668943405,7.20164609053498e-05
76,0.1668408028781414,7.160493827160494e-05
77,0.27360735461115837,7.119341563786009e-05
78,0.2316133715212345,7.078189300411523e-05
79,0.29828571155667305,7.037037037037038e-05
80,0.23885073885321617,6.995884773662552e-05
81,0.2704996448010206,6.954732510288067e-05
82,0.22796602547168732,6.91358024691358e-05
83,0.21261689811944962,6.872427983539094e-05
84,0.2590557709336281,6.831275720164609e-05
85,0.2735682278871536,6.790123456790123e-05
86,0.20926860347390175,6.748971193415638e-05
87,0.32594143599271774,6.707818930041152e-05
88,0.3061879202723503,6.666666666666667e-05
89,0.3097400516271591,6.625514403292181e-05
90,0.2940124683082104,6.584362139917696e-05
91,0.22712558507919312,6.54320987654321e-05
92,0.4222399517893791,6.502057613168725e-05
93,0.15808051638305187,6.460905349794238e-05
94,0.16316108033061028,6.419753086419753e-05
95,0.21755418553948402,6.378600823045267e-05
96,0.17596447467803955,6.337448559670782e-05
97,0.17374616488814354,6.296296296296296e-05
98,0.22366630658507347,6.255144032921812e-05
99,0.185784962028265,6.213991769547325e-05
100,0.27914442121982574,6.17283950617284e-05
101,0.23655297607183456,6.131687242798354e-05
102,0.30783841386437416,6.0905349794238687e-05
103,0.3192020133137703,6.049382716049383e-05
104,0.20981469750404358,6.0082304526748977e-05
105,0.255790738388896,5.9670781893004115e-05
106,0.22081275284290314,5.925925925925926e-05
107,0.30022548139095306,5.8847736625514405e-05
108,0.2222449965775013,5.843621399176955e-05
109,0.2970060743391514,5.8024691358024695e-05
110,0.19270648807287216,5.761316872427984e-05
111,0.2522475868463516,5.720164609053498e-05
112,0.1311839148402214,5.679012345679012e-05
113,0.25075470097362995,5.637860082304527e-05
114,0.28334084525704384,5.596707818930041e-05
115,0.19297120347619057,5.555555555555556e-05
116,0.26938121765851974,5.51440329218107e-05
117,0.26221789233386517,5.473251028806584e-05
118,0.2301345355808735,5.4320987654320986e-05
119,0.27566051855683327,5.390946502057613e-05
120,0.28403807431459427,5.3497942386831277e-05
121,0.19188092090189457,5.308641975308642e-05
122,0.30968769267201424,5.267489711934157e-05
123,0.22166148200631142,5.2263374485596705e-05
124,0.1680347267538309,5.185185185185185e-05
125,0.3708682470023632,5.1440329218106995e-05
126,0.2205927036702633,5.102880658436214e-05
127,0.20773782953619957,5.061728395061729e-05
128,0.23333313688635826,5.020576131687244e-05
129,0.30605103448033333,4.9794238683127575e-05
130,0.19173920154571533,4.938271604938271e-05
131,0.2834067586809397,4.8971193415637865e-05
132,0.23551666364073753,4.855967078189301e-05
133,0.2974815908819437,4.814814814814815e-05
134,0.24614087492227554,4.773662551440329e-05
135,0.22012027725577354,4.732510288065844e-05
136,0.24267014116048813,4.691358024691358e-05
137,0.24067488312721252,4.650205761316873e-05
138,0.24020790681242943,4.609053497942387e-05
139,0.1762810256332159,4.567901234567901e-05
140,0.19323458708822727,4.5267489711934157e-05
141,0.16811443492770195,4.48559670781893e-05
142,0.21845119073987007,4.4444444444444447e-05
143,0.218308012932539,4.403292181069959e-05
144,0.3225569538772106,4.3621399176954737e-05
145,0.18830690532922745,4.3209876543209875e-05
146,0.19012939184904099,4.279835390946502e-05
147,0.20015385746955872,4.2386831275720165e-05
148,0.23197201266884804,4.197530864197531e-05
149,0.21944216638803482,4.1563786008230455e-05
150,0.28115667030215263,4.11522633744856e-05
151,0.16681291162967682,4.074074074074074e-05
152,0.2311791256070137,4.032921810699588e-05
153,0.18350106850266457,3.9917695473251035e-05
154,0.31118085235357285,3.950617283950617e-05
155,0.15264153853058815,3.909465020576132e-05
156,0.20974352024495602,3.868312757201646e-05
157,0.20169736072421074,3.82716049382716e-05
158,0.20375602692365646,3.786008230452675e-05
159,0.2302122451364994,3.74485596707819e-05
160,0.29960865899920464,3.7037037037037037e-05
161,0.2426411509513855,3.662551440329218e-05
162,0.3622061386704445,3.6213991769547327e-05
163,0.24021394178271294,3.580246913580247e-05
164,0.239471223205328,3.539094650205762e-05
165,0.1782155130058527,3.497942386831276e-05
166,0.2228902243077755,3.45679012345679e-05
167,0.20426327362656593,3.4156378600823045e-05
168,0.2666960209608078,3.374485596707819e-05
169,0.17236468754708767,3.3333333333333335e-05
170,0.15408545173704624,3.292181069958848e-05
171,0.21427078917622566,3.2510288065843625e-05
172,0.2264564335346222,3.209876543209876e-05
173,0.270871564745903,3.168724279835391e-05
174,0.23939676955342293,3.127572016460906e-05
175,0.2662143036723137,3.08641975308642e-05
176,0.2220764495432377,3.0452674897119343e-05
177,0.21366079524159431,3.0041152263374488e-05
178,0.18864422664046288,2.962962962962963e-05
179,0.1567937508225441,2.9218106995884775e-05
180,0.2949635796248913,2.880658436213992e-05
181,0.2805562727153301,2.839506172839506e-05
182,0.1938229240477085,2.7983539094650207e-05
183,0.20687095448374748,2.757201646090535e-05
184,0.327383391559124,2.7160493827160493e-05
185,0.2340896688401699,2.6748971193415638e-05
186,0.2653588317334652,2.6337448559670787e-05
187,0.27639057114720345,2.5925925925925925e-05
188,0.19370531663298607,2.551440329218107e-05
189,0.21751375682651997,2.510288065843622e-05
190,0.25609270483255386,2.4691358024691357e-05
191,0.18385324254631996,2.4279835390946505e-05
192,0.2528829500079155,2.3868312757201647e-05
193,0.361307118088007,2.345679012345679e-05
194,0.337762676179409,2.3045267489711937e-05
195,0.174485482275486,2.2633744855967078e-05
196,0.22847501002252102,2.2222222222222223e-05
197,0.3269454687833786,2.1810699588477368e-05
198,0.3729402981698513,2.139917695473251e-05
199,0.24608584865927696,2.0987654320987655e-05
200,0.22738487273454666,2.05761316872428e-05
201,0.29422004520893097,2.016460905349794e-05
202,0.21935550309717655,1.9753086419753087e-05
203,0.13468091748654842,1.934156378600823e-05
204,0.2286069467663765,1.8930041152263377e-05
205,0.11930808424949646,1.8518518518518518e-05
206,0.27803734689950943,1.8106995884773663e-05
207,0.27423493936657906,1.769547325102881e-05
208,0.2247780654579401,1.728395061728395e-05
209,0.1940215863287449,1.6872427983539095e-05
210,0.18472557701170444,1.646090534979424e-05
211,0.22564298287034035,1.604938271604938e-05
212,0.20139101147651672,1.563786008230453e-05
213,0.20947707071900368,1.5226337448559672e-05
214,0.14808703400194645,1.4814814814814815e-05
215,0.2928621768951416,1.440329218106996e-05
216,0.19864573329687119,1.3991769547325103e-05
217,0.23578130826354027,1.3580246913580247e-05
218,0.26680986024439335,1.3168724279835393e-05
219,0.5223223492503166,1.2757201646090535e-05
220,0.18355726823210716,1.2345679012345678e-05
221,0.14411229640245438,1.1934156378600823e-05
222,0.2308837827295065,1.1522633744855968e-05
223,0.23142199032008648,1.1111111111111112e-05
224,0.2622246704995632,1.0699588477366255e-05
225,0.21619599871337414,1.02880658436214e-05
226,0.26754580438137054,9.876543209876543e-06
227,0.2879313826560974,9.465020576131688e-06
228,0.27167145162820816,9.053497942386832e-06
229,0.280384112149477,8.641975308641975e-06
230,0.22134831547737122,8.23045267489712e-06
231,0.3368847742676735,7.818930041152265e-06
232,0.13660645484924316,7.4074074074074075e-06
233,0.21700795739889145,6.995884773662552e-06
234,0.22580933570861816,6.584362139917697e-06
235,0.2569977529346943,6.172839506172839e-06
236,0.27024269476532936,5.761316872427984e-06
237,0.25255268067121506,5.3497942386831275e-06
238,0.1827591210603714,4.938271604938272e-06
239,0.26576443016529083,4.526748971193416e-06
240,0.17716896533966064,4.11522633744856e-06
241,0.2921913079917431,3.7037037037037037e-06
242,0.25840380415320396,3.2921810699588483e-06
243,0.31456565856933594,2.880658436213992e-06
244,0.1662331372499466,2.469135802469136e-06
245,0.1315468903630972,2.05761316872428e-06
246,0.19174522161483765,1.6460905349794242e-06
247,0.1865978930145502,1.234567901234568e-06
248,0.18964696675539017,8.230452674897121e-07
249,0.21277154237031937,4.1152263374485604e-07
250,0.24869170784950256,0.0
