id,split,path,pixel_sha256,width,height
train_1194.jpg,train,train/train_1194.jpg,29eaf74280609814b0b16f33e4447e8b1cbf412fc9e7e22eeb16d364bef1aec6,720,960
train_3865.jpg,train,train/train_3865.jpg,69a883e3eff1979c46bc9629a868a23fe14a5bf32aa5a42ba37f3d96d32f85c3,720,960
train_0682.jpg,train,train/train_0682.jpg,23d2b35be39e6a4b9ae56d32cd95ad6b9bb8582f16f6460e6ea3b9ef865311fe,720,960
train_3708.jpg,train,train/train_3708.jpg,107d973a75e12fa022c457bc88db2cb2481919830fe5de4018871c5fcec8a8f2,720,960
train_3576.jpg,train,train/train_3576.jpg,177e1cb7fdcc92b51515e02bd15c3387aa539baf2fcbdffb06b1d8e5cde7ec38,720,960
train_5924.jpg,train,train/train_5924.jpg,18471fea821624b423382dafc9566d9ab1d71306fe6f2b5b2ea8f9920f18dfd9,720,960
train_6530.jpg,train,train/train_6530.jpg,29faf26c04c2ca54413458261cea748f489e62b4f1837d4ebe656f2a7ac8a33c,720,960
train_1050.jpg,train,train/train_1050.jpg,37adae1f5cdae194c03d1c1cd09374e03bda16f5d7995c1fedb1f52c8021e59c,720,960
train_6586.jpg,train,train/train_6586.jpg,f6160466ae38fa966fe4745d213ca03f8855cd6dae237884ca4ca6b400cb6ac4,720,960
train_4601.jpg,train,train/train_4601.jpg,e63547bd9fd5c29283f7cfa841e2a60a0a62d8b7cae3005a69cec3c37a0b0ff6,720,960
train_6206.jpg,train,train/train_6206.jpg,52b0d19cc7f266542b13353c088275e32f8f8c0f2fbbcbc991c873856b52901e,720,960
train_3760.jpg,train,train/train_3760.jpg,7efc03a26655fd98e1e48c51cc0fba6a5ad5604e29261d27cb40f0e699407405,960,720
train_4232.jpg,train,train/train_4232.jpg,fa23368d01851e7ea16bf91f41c612967b53694e48c1647728a65944b2cc44fb,720,960
train_5404.jpg,train,train/train_5404.jpg,fe780d88b81bdabcc8e529ee60e584a9f37d19252411ac7788f1c949e3a218ba,720,960
train_1150.jpg,train,train/train_1150.jpg,eb87121a6c929bc6576d780f3a61c5dabbc6352219c5ce35794d0946b82a83fc,720,960
train_6594.jpg,train,train/train_6594.jpg,79470bdc7a951cde4b099cecf22892f244c976b41ae79ff8e6676ee858beee97,960,720
train_5332.jpg,train,train/train_5332.jpg,62969390402b3bbb1aa188ebe0d0f9813d1524f9ed5ec6658474d5ba02718d9b,720,960
train_5961.jpg,train,train/train_5961.jpg,b0e8d11e9e4deb1ef0ae2f18172a683cd8b645a532bed93af3e76e58599cd118,720,1561
train_2115.jpg,train,train/train_2115.jpg,850c222335f50899253c56cecd22ae3f09f8b75cd01165d5659305abf7527897,720,960
train_1612.jpg,train,train/train_1612.jpg,7e7906cc5ab910a3485cae1619222046741300ef1840a108686ab7dd88f2b18f,720,960
train_6558.jpg,train,train/train_6558.jpg,ae26f5b83f5b6ddaa3bed421083f55b7d68141ecf6f09faf222429285852e28f,720,1481
train_0677.jpg,train,train/train_0677.jpg,fdb063c6b33e0cd254ef228969be0a17aa4e88310dae8cd16af5256e39ce3314,720,960
train_1873.jpg,train,train/train_1873.jpg,c03c5a9b276bdd693481efca57b85837710aa15b2d840b134d7f394b0c0751e0,960,720
train_4295.jpg,train,train/train_4295.jpg,6372a9935ca50dea8dd4b125e0e7615ec29865f9375c20206e999696e280f4a7,960,720
train_6460.jpg,train,train/train_6460.jpg,9d08ed7c7b5bef22f764ce500ad4e94bfc5072b144135263db50ca9557d60a31,720,720
train_6630.jpg,train,train/train_6630.jpg,a8c930d9211b3941aa3a6107bb2598df6cef9673073b556d528803665c68898c,720,1279
train_5890.jpg,train,train/train_5890.jpg,08a83578b6e1928defb1bbfc1478b3221450df26dd7e7ab7405aab9d1c34fe3d,720,960
train_0829.jpg,train,train/train_0829.jpg,4f82627d477ef797d4cc2d6cef3e9e44728f9b0ac2ee21b62c3fd595eeaabad8,720,960
train_0133.jpg,train,train/train_0133.jpg,8743848f7231515621b89e8413c8acf1998c3db9435abc6633cc52f981019800,720,960
train_0218.jpg,train,train/train_0218.jpg,9e2d1e53ff1065c96c71de19d0cca4d8e8118aa81615dc058f525a19df19c5ac,720,960
train_4170.jpg,train,train/train_4170.jpg,c7916fda44027b063b6a7b0071bce53bacba79525227fa5530e459afa911bfde,720,960
train_3537.jpg,train,train/train_3537.jpg,658797a628b7161fc7d3e6c17b6d5ebf2b7fd2d64dcab294e229bcebb86ea01f,720,960
train_4946.jpg,train,train/train_4946.jpg,4e7c5c6a86c2b696988b0bd344f1d4bc13db2d98b97d2dc575cc8de6ef476135,720,960
train_6535.jpg,train,train/train_6535.jpg,4b47c286ab71461dc673ce77fa28e939de0813ea8a7561431850242756a518e2,720,960
train_4889.jpg,train,train/train_4889.jpg,7ece0180eac739b799f48c47f2d604b84dc037a15985d5a5719445f27d3c2cff,960,720
train_5974.jpg,train,train/train_5974.jpg,722e4129428319c5e4c84b35f02653fafa25e1aedf125471e3b2228c8e1e8699,720,960
train_0231.jpg,train,train/train_0231.jpg,e1ebec803ff3ebdba763decb056c20f02008fd940c6bb22cb226306de74db792,720,908
train_3856.jpg,train,train/train_3856.jpg,dda1fe49889b8036477c75c0e3585a6fd2e902c2e7c3b5558c5867412eed57ef,720,960
train_2800.jpg,train,train/train_2800.jpg,58ebdc03a7dfa0464ab10890737a99c9bb05663510b73e45ee730d380b97eee6,720,1279
train_5372.jpg,train,train/train_5372.jpg,d4f2e24ae7c1488e07c1ad6e0b9a1c0a0ebf526732e16b9735bde2dbaab301ac,960,720
train_3552.jpg,train,train/train_3552.jpg,205c778b89386ea36282ec3bcad6a4b79c420a4c287a4b72b669386aac3c78da,720,960
train_1316.jpg,train,train/train_1316.jpg,ccac9b877aa76bc16b1e05c1b4b2bdef9f9aefac8705a56ca214c33b2e829dc5,720,960
train_0535.jpg,train,train/train_0535.jpg,9ccc86632025a3ce804bfbd513dad6a11fb5f2726bd60780c89cbb37bd01ad4b,720,960
train_6702.jpg,train,train/train_6702.jpg,9c8d10e3e62999b1e27051144faa7ce7e900fde5d616474ae12bcecf0e807855,720,960
train_5850.jpg,train,train/train_5850.jpg,9dcb7366ad2e49483c7712924d312bb0d9780580c12878f71a9eb345184794c1,720,960
train_4954.jpg,train,train/train_4954.jpg,fb683125a27a2cbce573844e123c62ddf15ef53b99347c37516b5ea1c81df55b,720,960
train_1727.jpg,train,train/train_1727.jpg,0b48d8ad11ab13c4e981bc762a786605e11f49fb867cae38ca626278b7772f4e,720,960
train_5386.jpg,train,train/train_5386.jpg,9f65894b748941ff9f464312f8f22a28910a12f78685df05a288549460c6c658,720,960
train_4559.jpg,train,train/train_4559.jpg,4a271a728b5797daf728898bc6028e54da24c55ad7a077a799f2a11ab3cc51d6,720,960
train_4839.jpg,train,train/train_4839.jpg,9de243a424bbb6e3975dba3f01ae15c541a20edea1f470eefc45b2900aaba7c0,720,960
train_2796.jpg,train,train/train_2796.jpg,fe4aa0d68b67bc30868b8b5514a733779a61133a6a37b805fd898dd52a640d53,720,720
train_3853.jpg,train,train/train_3853.jpg,b6a2a32283bd2a3af7af94a3ae1a941317e2245dc54248c49af6aa548d958579,960,720
train_2928.jpg,train,train/train_2928.jpg,0e62384ac0fa70a5c4590bad279c915d7f825af627437aaa56a7198f566d5552,720,960
train_3689.jpg,train,train/train_3689.jpg,1d390fdb5599cf494e3c34f9efd225494c74db86d9946dd58d63764ad18a2f33,720,960
train_2956.jpg,train,train/train_2956.jpg,717860d89f3d9af6105a844a89efc9c1d6b864100d6af39ff5406f9ab207743b,720,1279
train_3787.jpg,train,train/train_3787.jpg,f669311091539c099d15a7675269ae6ea274d93b2eb6e8732deaab4a0624d59a,720,960
train_6310.jpg,train,train/train_6310.jpg,1a1082d95024ada576416a1cc15addfb1f1a5f34d5dfec0a867e5416141290e1,720,1280
train_5313.jpg,train,train/train_5313.jpg,3027a00401f58bf014a09980f77dfd98a611ec4db5fd58caabba9a6140707677,720,960
train_2619.jpg,train,train/train_2619.jpg,2db81bfa57c6579bcb90d3f853fc02af953a67333c853a0fe0fa542ef0374649,960,720
train_0322.jpg,train,train/train_0322.jpg,37061a9ee4f9143510d0def9c59be075d002b9b41a285c06f808389c5459f2b0,1059,720
train_4149.jpg,train,train/train_4149.jpg,4baefbfef321c57984c0fc9f131e19dde88dfcafd871fe29dec016ba7d7e2832,720,960
train_5347.jpg,train,train/train_5347.jpg,43c4403abbb37cce4419021dbc3565ce6912e48281d3281b26b4bbdfc2e79ee0,720,960
train_2927.jpg,train,train/train_2927.jpg,5c717181eed9fe5d8c9376b029cd88c5d1c065ac16c41502f551c9b1f99ba502,720,960
train_2851.jpg,train,train/train_2851.jpg,edbb321258f542f08c4ccdae3165e1d2428d8b4596d10180df3a12f44829fec6,720,960
train_5600.jpg,train,train/train_5600.jpg,cbead62f0cde9ae0545969ba225837a5d9dd1e2854b408528cd0298791546d9f,720,960
train_2182.jpg,train,train/train_2182.jpg,d5cc12bf0eb77e759227c880e34f43ec0e2b999a9c9ac4b98db92d905b7f1b78,720,720
train_3019.jpg,train,train/train_3019.jpg,6aa6448037c2c5b6dff8c473bb97ddc0f9da92e8e76f68d51fc6c6e0bf978d02,960,720
train_2433.jpg,train,train/train_2433.jpg,293a5ae3b2c11a9499241b9b734439259245cd9b46bcd42fbd95d4f97622065f,720,960
train_1472.jpg,train,train/train_1472.jpg,2620ad25c580819a0e31d7df11f3dbcad19ad84054d1eae57efb9f0bbc708143,720,960
train_5539.jpg,train,train/train_5539.jpg,285266ab5ca1c4f33733b05c3e39c4c742845f4c9dedf213b83a67da031e9266,720,720
train_1920.jpg,train,train/train_1920.jpg,0538e4095a81bc71fe6d3e34613bc323a86c431806267b6eca2a1122b71503f1,720,1558
train_1730.jpg,train,train/train_1730.jpg,9597be4ed5d74b7ca19b6e40d51a21085155e575181adf75c01b085a2e422548,720,960
train_0409.jpg,train,train/train_0409.jpg,89e71d03d77651b65d88fa31b4e0a7f9abb176141f76b8375c12b8c9146402e6,720,960
train_6048.jpg,train,train/train_6048.jpg,16e0ceb33382fcbd637e1e550374ef30895b082d1e726eb51ea5cf44f3bbff54,960,720
train_2978.jpg,train,train/train_2978.jpg,35df20d76c8c7237282285e4a10f3c0024ac9192cb1c841530c82181bbb85892,720,960
train_5534.jpg,train,train/train_5534.jpg,e1172d425256da4bfcbf45525e57d7bc4433e41aff80976b62fc3ee192f34f76,960,720
train_4238.jpg,train,train/train_4238.jpg,e1cab073980ecf75805933025875d4e64b9acc2ca1caed0b4f18d29e42aeb7af,720,960
train_5456.jpg,train,train/train_5456.jpg,0bc9630cde5f8f70220a0d4976d1d498b9f40099becac6f79fef3b908f948db7,720,960
train_1098.jpg,train,train/train_1098.jpg,b9abac4e2bc0e14ce6cb2987dd5cf7fa04c0edf3b8284ccbb02308d2166ace21,960,720
train_5412.jpg,train,train/train_5412.jpg,52030c54a82c652837b7fe05cddbb3d42e9fb533a343a678a7bd8ad2757c863a,720,960
train_1841.jpg,train,train/train_1841.jpg,721352fb98dcf2b55d0d025ca8c377714e85f5dc602e85d7391f54fff1554ceb,720,960
train_2432.jpg,train,train/train_2432.jpg,37d35cf348cbd789ce6e3e3b20a73250baa65d4bfd9406d729e36319f7cdc26d,720,960
train_1974.jpg,train,train/train_1974.jpg,cbe38aee62db9595fcf02dc2e54428e4113d2b8038abfc7fdb73a01d2f08fd2d,720,1279
train_3553.jpg,train,train/train_3553.jpg,4ce4495487294daf564760c5a3b637640fb67bdfb062f6807d4cb653bab63eee,720,720
train_5986.jpg,train,train/train_5986.jpg,fd9509a06bc40acbcc5342bc25fb03777bcf65c45a07d0ccd3419e34460eebd8,720,960
train_4520.jpg,train,train/train_4520.jpg,d3c51082aa2845d3cff668a3cebf285210e9e588994aec5c8b647ffc7c716a73,720,960
train_4686.jpg,train,train/train_4686.jpg,c32d468453d1e9818d72b7576ed59b6df47f2be64aed32e72a12944051138472,960,720
train_0801.jpg,train,train/train_0801.jpg,fc4307c849d45569a4c49435130c07eaacdb8265dad04c28646f367158dfa79e,720,960
train_2230.jpg,train,train/train_2230.jpg,fbeb0d527b60a385bb5000a40317eecbb8cdd883f19ca80d1519885eda9e3126,960,720
train_3843.jpg,train,train/train_3843.jpg,5ab08558e1880da0b2b70b778f80055d54a1b81c0f581d91eb7775ce980d7484,960,720
train_5604.jpg,train,train/train_5604.jpg,d7a584a2d39dba0e308e8212f743c1f5fb4355348a22d0d782a7cef2a244cf95,720,960
train_5420.jpg,train,train/train_5420.jpg,7fe3194121bb42ad6699a9b25c054cab15849e3aa693ec956abe5e5160193089,720,960
train_1048.jpg,train,train/train_1048.jpg,46ebd8ebdcecfa4d81ef07ed021d1f18351b70e70eb204f1ab8688570bb7e854,720,960
train_2543.jpg,train,train/train_2543.jpg,667d7cc4a8f45aa6dd98336fb6bac06bf822af3c17479979a6bfaf9e68eb5ced,960,720
train_2096.jpg,train,train/train_2096.jpg,69816ef948bcf11b8ac1251f30fc2fe152917e20a51d38458f08b5a21af50c38,960,720
train_2317.jpg,train,train/train_2317.jpg,ec1d1ac0b3cfc780ec0ac50ddcee7ece08a80fd3e17bac3472d49188fa561865,720,960
train_1776.jpg,train,train/train_1776.jpg,313ced14faacc2be90092a9242d59498956a4bc13c974b1bfa9ef932887fc8c2,720,960
train_0737.jpg,train,train/train_0737.jpg,44871369d905a5061fa0e9afe83125f3f4acbbc69ab2cb67391e2c03d8647dfd,720,960
train_2918.jpg,train,train/train_2918.jpg,501a03b60ae6b756c1b9020614a45c0e559edd44cbcd3d46683e9dca3f3d5cca,720,960
train_2901.jpg,train,train/train_2901.jpg,a3b9e64710f93fd5b5bc76fb8195c66f70ff5a755c36e78436444e1c563d5a7a,720,960
train_0335.jpg,train,train/train_0335.jpg,4784ba92dc458cfebbc2b9818130480066d752ba9ca78b7908e0424e9876085a,720,720
train_3959.jpg,train,train/train_3959.jpg,4926ce0bc494c0b3d91c94244d176cb8f9635d425ab00ee6c6e5dce054e18719,720,960
train_1010.jpg,train,train/train_1010.jpg,ade1db92281107194830143e15cddb56cfa356288621928daf4f6c25bcea33c7,720,960
train_6366.jpg,train,train/train_6366.jpg,bb5323c9aa5f361ba97a675c77aa476abe460cab5239f42d45ac8c13bbfb8b2a,720,960
train_4582.jpg,train,train/train_4582.jpg,3d233fe7ffad452c34569a57d774fb268c831c1bd782f02a08c232b51a3f562c,720,960
train_1145.jpg,train,train/train_1145.jpg,8866f86a9a31d105f1c5c9b59ba42ec2089313d35c60d54fed998d7df76adb69,720,960
train_1579.jpg,train,train/train_1579.jpg,f0571079293a8109b3761024489a034af54267a8745a7144403ca461f154ba05,720,960
train_0834.jpg,train,train/train_0834.jpg,040e917ded052e0cdcde15c37cd3e5023434a56733fb1b481c9a3040e646eae6,720,1560
train_6038.jpg,train,train/train_6038.jpg,c6c5e59dd836fe31b5a5710d3f3b5a6051f51ac02ef59c6927e161b3a18f0fbd,720,960
train_5830.jpg,train,train/train_5830.jpg,4c2e0511131be0ccbcfb68ae69a43ac3ca849821392091ac71df1b4c67b1c2a3,720,960
train_4654.jpg,train,train/train_4654.jpg,0e70cb490b20f4110037b43ba0817e2e22f75ed45bb4dc7585c129579a747eba,720,1559
train_4126.jpg,train,train/train_4126.jpg,8e0ebd23bd91da873024fda93d736c8269bc5ba122f4b9f65ec689aa2d1a7738,720,960
train_1722.jpg,train,train/train_1722.jpg,0bf0cdccd0fa8a445eb9cedbb4b45a720c32cb99f38a8affc4d2052b6f34eaed,720,960
train_4536.jpg,train,train/train_4536.jpg,749dbc975c6fe2d718ba803f82272976c2dbbe13db93e914290db19ff4289b8e,720,960
train_2861.jpg,train,train/train_2861.jpg,6ef7316a817dda7f09312bad08d761ce0015cecebf98c071023a68581f547c93,720,960
train_1373.jpg,train,train/train_1373.jpg,08cbcbec9efd81b474ef20e571368baa7f8ed3a351b488202b09b8e972496ec4,720,960
train_5414.jpg,train,train/train_5414.jpg,151ae8ac6990074e82b9a003aed96781d863ccca8f3712bf13d1289ad6333a30,960,720
train_3166.jpg,train,train/train_3166.jpg,0e42e20e9f57b5e249f5995660cd646e8e3f808a21b341d00eeaca7d492b1353,960,720
train_3667.jpg,train,train/train_3667.jpg,41b461f1e646845fe7840a7336b5d11a0c68e6cfe2f9a285211bd9b196a1400e,720,960
train_4163.jpg,train,train/train_4163.jpg,e5f11212bcf615bc70f5ff00e1be7362d86a7672e3e95495736835b736eeab98,720,960
train_4251.jpg,train,train/train_4251.jpg,6c5397940e9a5c12dbae9cbe2f183c159c7937bfaaf3212291a4df91cdd40250,720,960
train_5721.jpg,train,train/train_5721.jpg,c36383f137fc22987c4aaae8bc3f7b6b0de6c3c8e0a3a3b2689a5d2016a16688,720,960
train_3040.jpg,train,train/train_3040.jpg,3e80691f781ce6edc1bf3c3cb9005ffdfeb8054c3c48b9cada461ad3e6e80a5a,720,960
train_4999.jpg,train,train/train_4999.jpg,c09971255df4cc38ce0a047f16494b1bfd7cc3176dbf8a86423c1d3f2e9fa107,720,960
train_1424.jpg,train,train/train_1424.jpg,73172082d3c75c2282d34f2537f1a90a59ab3849d0794512ef9af5fd1de08fcc,960,720
train_2252.jpg,train,train/train_2252.jpg,1b67579d87bd078731b6fcc0025be0f57af5dffc839cea8959c46bfb3428d0d8,720,960
train_0234.jpg,train,train/train_0234.jpg,498aed2968672a9cc2751e8f57b7cccbb7fb30b5fd7bb86ce4726f2b1daee1ee,1320,720
train_3520.jpg,train,train/train_3520.jpg,3c4118bb3c39bc4c9d0a246e3142e21e7185c9aead918e031f759a4370a72405,720,960
train_0474.jpg,train,train/train_0474.jpg,8b804b9f3aca4b8384092a0781fe75c39b20f1482642e67f45c739b7746c5bd2,960,720
train_6660.jpg,train,train/train_6660.jpg,2f7ae895e569666d78e4eb92b3f651194bfee0e21b754e73a40d2f45170a0153,720,720
train_3307.jpg,train,train/train_3307.jpg,ec6d5dd85f2a7229a6359f54c947f2173d2627fe3e3413107b79df48fdf3b50b,720,1279
train_5725.jpg,train,train/train_5725.jpg,b6b803ba3ce27c4c8737946cc602e6773dd6e8d03d47ab538473979738d13ceb,720,960
train_6413.jpg,train,train/train_6413.jpg,2d0c618f20951165e2038a54862bdd0f50c4800bd85cbdde27f19f01d9a64f3f,720,960
train_3623.jpg,train,train/train_3623.jpg,19f45259d8209b9f6911357b39bb0703e46db84180213b5d9c404eb161517957,720,960
train_0248.jpg,train,train/train_0248.jpg,0fd130937b0f99a099b22af986cfbc634ec35dc1392b179fb6d23ff82b981e9e,970,720
train_2349.jpg,train,train/train_2349.jpg,72c42f4456bcb157a514d73cb079d61ac20a3c298c18d4d7fb74e129531814a7,720,960
train_4862.jpg,train,train/train_4862.jpg,23e82a7a919643d53b7cf4fd92dad1bbed6f8fdfce943cba6f6c6fee6e25cdde,960,720
train_3086.jpg,train,train/train_3086.jpg,4298606dce150945bdb1738fa7c31493f803c7ba24586f1687e27c752379e888,1080,720
train_4784.jpg,train,train/train_4784.jpg,099e229082f03dd46618b35c0dd9b7b4491fd296ed9edade5becea3256968b72,720,1558
train_3423.jpg,train,train/train_3423.jpg,53f3b811cf709de49edcd1a6b3d17ee465bb77d72ecbba64bd59aa0a52973934,720,960
train_3978.jpg,train,train/train_3978.jpg,dee79de9c05d353aaa4e000c5fa0603cf83d234e4826d643078d0cb3dd34a3e3,1279,720
train_1407.jpg,train,train/train_1407.jpg,e9f44fdb0c79c71395740d4924ca50412601440d2b26670a98d021b168c3860a,720,960
train_1913.jpg,train,train/train_1913.jpg,c1419c3fcedd2be80048218b49dd369431f4c3810aa04e2dcde42f468b9f5764,720,1541
train_5657.jpg,train,train/train_5657.jpg,e91a2853d66b59b15a3350a0b3dba0cb9a97b7cf8843c610b64156137c5eca7c,720,1280
train_6463.jpg,train,train/train_6463.jpg,5fefdd2a1c86dcd275171828a3f0d11de4182643ddd11eb323ad0c350b6fac30,960,720
train_0180.jpg,train,train/train_0180.jpg,fa7ff6fb32672fd23d8fa61d8c87830128c490aa4658d7af57b6112cdf1d2a74,720,960
train_3149.jpg,train,train/train_3149.jpg,72cf09b70dd57f0af08802016dd80ff504e823b6c0c0e2ad304958293c90e417,960,720
train_5688.jpg,train,train/train_5688.jpg,3faf601b6321eec6a33261ee2bb45c9b48f65fda97259311abb4507b1a079698,960,720
train_1177.jpg,train,train/train_1177.jpg,6bf0191e0bd7f8cf22c29f2fd43aa40f62280c5302093c43fad083a6ea06a9ae,720,960
train_2819.jpg,train,train/train_2819.jpg,8c93284cc391f7e1235010691f9d6021ed2ae0f0d97ae937c31c9b9b92323a43,720,960
train_2099.jpg,train,train/train_2099.jpg,2318d8d808215b8f7e316103f3141886a88a42f629c1b064562977f1c8035ccf,720,960
train_3621.jpg,train,train/train_3621.jpg,a0b6915946d6c544055c40d34f3a4fd0f4648681f447a954737ae57eb8d58f08,720,960
train_4459.jpg,train,train/train_4459.jpg,860f537eee25742be33103ebfa5993297f236339ea0c2c2f59f2a95bb78f008a,720,960
train_1563.jpg,train,train/train_1563.jpg,ddf298357c2f308704ac800a63ba0e3a9742200b3796b3c6e05add234012eea1,720,960
train_5102.jpg,train,train/train_5102.jpg,20eaf6768309ef4ae31e13269f588abbbde824fbb8d3c50f8aedbf27e91618bf,960,720
train_2618.jpg,train,train/train_2618.jpg,ebbfc93862cf008be8718b981027d234e4ed3346be8ff9c68cfde8411a0dce47,720,960
train_2583.jpg,train,train/train_2583.jpg,cf16e20488bbb176d4af282b515ac420005d29418a0e12910377ea1d5b3f3232,960,720
train_5905.jpg,train,train/train_5905.jpg,e4c33007f5d32b73c7bf3895c7789847d3c3211083676ae95543c4eaf2ce084b,720,960
train_0545.jpg,train,train/train_0545.jpg,1cd427c30c5ec2af2780ada4d866b150ed13250ec57b323990125cfd8ba6d98d,720,720
train_3876.jpg,train,train/train_3876.jpg,538ff2783165ec6a6cafaf48a1caf70fefa4325c81fe3abc9b8c209bb0d077e9,720,960
train_2667.jpg,train,train/train_2667.jpg,92dc6c0e8bdf4472f15198857da895243b8c7d2542adb316efc336fbcae565bf,1280,720
train_6320.jpg,train,train/train_6320.jpg,cd1ef46cf73ed610faed758f7faca472fa69ccfbe959c1a6298b30f76ee68363,720,960
train_0062.jpg,train,train/train_0062.jpg,e196bd8a0afe9999cf1581d5efb904e5615811de3f802fdae44d82cbfd47e76f,720,960
train_5167.jpg,train,train/train_5167.jpg,df06b7acf20a8e4894de049f8abaf57e622239b6e73b1ab4645f826a9a4a0c28,720,960
train_3033.jpg,train,train/train_3033.jpg,162a6c9a52af0301fd7737479f35a9f10389054d8e737648eba9cd7398567a8e,720,720
train_4990.jpg,train,train/train_4990.jpg,a2060c20d7cdb8fe18d4400d62fef08c86943b7f2bc0e13cf0a33f1a34cc2022,720,720
train_1738.jpg,train,train/train_1738.jpg,da492b60e7d9928fbb30a7b436e0c48ed3bf5a6b2fc5ad528c223986687a18bc,720,960
train_5170.jpg,train,train/train_5170.jpg,4c4f03532d3fb9884b4081f48dd3e230497d7693e97ea7a2f11d7c0144c89d16,720,960
train_0032.jpg,train,train/train_0032.jpg,a943f7b321ed495b24ebe36ee589f8b9e0aec140be4c779c6cb5486891402103,960,720
train_6006.jpg,train,train/train_6006.jpg,a246ff47bd1fe28ee3f500c5dce3e6db657486167c1f7400fa8a6dc792d0d56e,960,720
train_5592.jpg,train,train/train_5592.jpg,b46097b9aa4f9b72348b55b21e7e9d709f3d00363f54b883d01802c3dd2efd88,720,960
train_3168.jpg,train,train/train_3168.jpg,4349116a901be3f878a5ec52d9202835cc69bd7bcc82b3526a5b94e447f2bd49,720,960
train_5161.jpg,train,train/train_5161.jpg,a07f40f2bb60547486c62fcc110960c8fe01581053666f566e530b4533f2f851,720,1280
train_1080.jpg,train,train/train_1080.jpg,f7994d00e8d02eb789fd0ccd090288b182e169f7b020a1d3c46a8d47d2959984,960,720
train_2514.jpg,train,train/train_2514.jpg,c5d9a331b21f0935d5af8e78ed724bd4fc714e70db2633e75a8e88f6ad5a75f1,720,960
train_5547.jpg,train,train/train_5547.jpg,529ad1ae4f36759d2ec8d858bad59272ef5a1c1e7713d686e2dcba41d3d239a1,720,720
train_4858.jpg,train,train/train_4858.jpg,fd43f408838af10f0c8fc12217ce8ca312944578264a368ea29d90f6825c433a,724,720
train_5056.jpg,train,train/train_5056.jpg,4302dd4dda03b1743159377455cac59edbd284a9355fc48fde032cd4aa3f8d27,830,720
train_1415.jpg,train,train/train_1415.jpg,65561df46dea8289eb5e59f3219dbe119cdf8175bd50494ac77d21890de4cb5f,720,1080
train_4086.jpg,train,train/train_4086.jpg,5be46bf3b1e4942abe5ab12fa4bd68e5fd18fb688a813128c9471d6ad779d485,720,960
train_0018.jpg,valid,train/train_0018.jpg,0d7407f0314bd6be409f355886f5e93f306e53ffb0ceba6beda048ff8791c992,720,960
train_0097.jpg,valid,train/train_0097.jpg,3881c209f69a161e56fe6a9cc24cd2bbc97e5ea0225fa15f3acd30e52bb1d026,720,960
train_3133.jpg,valid,train/train_3133.jpg,5b6898c034b288cb69415ca50215c3b9fbd81abca9b9ecfd22470ff698a95dd9,720,960
train_0394.jpg,valid,train/train_0394.jpg,bd140cdeb03416c7a9bc9af4f79bc0bd02d3ddb793ff913e4d53f148192baa07,720,1280
train_3419.jpg,valid,train/train_3419.jpg,112c528861eb73cc2f0ff8a3158e7282481bf658d62465af161660cf078c3b00,720,1200
train_2982.jpg,valid,train/train_2982.jpg,b5261e669d040d25329dc72c1f4c602906a01dd656657c10aa231e8caa353fcc,720,1280
train_2226.jpg,valid,train/train_2226.jpg,febd7da89b2a67570eb4045f8be4a221fe7f3197e4c5405c0b3fabc0a46a0ea3,720,960
train_0764.jpg,valid,train/train_0764.jpg,bf6003fd416ad196e71f322eb969e2d90647082452053cea3a092eae679880de,720,960
train_6209.jpg,valid,train/train_6209.jpg,783c621c5ad4ccbac60edc855ac925da62d71e8c261fab591b21eb989455786c,960,720
train_1298.jpg,valid,train/train_1298.jpg,5535493295b74b23de775783308ea7272d351d5dbe453e1551b0c8517418418f,720,1080
train_4820.jpg,valid,train/train_4820.jpg,95d4fbe6a428b04d0c251d178aa1142e84fa22a45580429e48144aa348a7e1a0,720,960
train_5499.jpg,valid,train/train_5499.jpg,0c9cfbc4401f4100ffd3d947147e947d414d700ac0305ef5f8c143c1426a4e39,720,960
train_1040.jpg,valid,train/train_1040.jpg,688c42a57df43f81aa4af46a2ddff9c8ed68f5fe4be8bbb5fc661f044965c80b,720,864
train_4983.jpg,valid,train/train_4983.jpg,da452a9291abb579e84e320c9065fe360f73a5161b353542fd47e3ef4566ef35,1280,720
train_0707.jpg,valid,train/train_0707.jpg,9bd077faec60589bcd570b94259e8767d079b7bb7afb292d7f59d64342705d5c,720,960
train_0170.jpg,valid,train/train_0170.jpg,bb5f7b71e14a71301f517ed5d4dcee66d4b3484ee165120312b575a47c025763,960,720
train_1164.jpg,valid,train/train_1164.jpg,efae632bcc8cb6bf215339ceabd40bee4145a7d2206e72316ae3ca4b8975544c,720,960
train_1544.jpg,valid,train/train_1544.jpg,99706d0d7407d52ebee73880ba349ba5052498eca72c2d00a18d992353548eb6,720,960
train_0051.jpg,valid,train/train_0051.jpg,69897eb3ac88d172e33dbe2aa589cd2a1c40010f88e76b21ac2e69518bfff252,960,720
train_1917.jpg,valid,train/train_1917.jpg,464c728b3da3ad4277d7414041e4bb36fcbb0c99d9faa818171ed5e1016ed86e,960,720
