id,answer_reference,raw_output_reference,parse_failed_reference,fallback_used_reference,gold_reference,correct_reference,strict_correct_reference,group_id_reference,question_type_reference,image_meta_reference,answer_new,raw_output_new,parse_failed_new,fallback_used_new,gold_new,correct_new,strict_correct_new,group_id_new,question_type_new,image_meta_new,transition
train_0237.jpg,b,b,False,False,d,False,False,g_train_0237.jpg,text_other,"{""original_size"": [720, 960], ""grid_thw"": [[1, 48, 36]], ""processed_hw"": [[768, 576]], ""visual_tokens"": 432}",d,d,False,False,d,True,True,g_train_0237.jpg,text_other,"{""original_size"": [720, 960], ""grid_thw"": [[1, 48, 36]], ""processed_hw"": [[768, 576]], ""visual_tokens"": 432}",gain
train_1077.jpg,c,c,False,False,c,True,True,g_train_1077.jpg,price,"{""original_size"": [1320, 720], ""grid_thw"": [[1, 30, 56]], ""processed_hw"": [[480, 896]], ""visual_tokens"": 420}",a,a,False,False,c,False,False,g_train_1077.jpg,price,"{""original_size"": [1320, 720], ""grid_thw"": [[1, 30, 56]], ""processed_hw"": [[480, 896]], ""visual_tokens"": 420}",loss
train_1453.jpg,b,b,False,False,a,False,False,g_train_1453.jpg,position,"{""original_size"": [720, 960], ""grid_thw"": [[1, 48, 36]], ""processed_hw"": [[768, 576]], ""visual_tokens"": 432}",a,a,False,False,a,True,True,g_train_1453.jpg,position,"{""original_size"": [720, 960], ""grid_thw"": [[1, 48, 36]], ""processed_hw"": [[768, 576]], ""visual_tokens"": 432}",gain
train_1913.jpg,d,d,False,False,d,True,True,g_train_1913.jpg,text_other,"{""original_size"": [720, 1541], ""grid_thw"": [[1, 60, 28]], ""processed_hw"": [[960, 448]], ""visual_tokens"": 420}",b,b,False,False,d,False,False,g_train_1913.jpg,text_other,"{""original_size"": [720, 1541], ""grid_thw"": [[1, 60, 28]], ""processed_hw"": [[960, 448]], ""visual_tokens"": 420}",loss
train_2255.jpg,c,c,False,False,c,True,True,g_train_2255.jpg,text_other,"{""original_size"": [960, 720], ""grid_thw"": [[1, 36, 48]], ""processed_hw"": [[576, 768]], ""visual_tokens"": 432}",d,d,False,False,c,False,False,g_train_2255.jpg,text_other,"{""original_size"": [960, 720], ""grid_thw"": [[1, 36, 48]], ""processed_hw"": [[576, 768]], ""visual_tokens"": 432}",loss
train_3064.jpg,d,d,False,False,a,False,False,g_train_3064.jpg,text_other,"{""original_size"": [1906, 720], ""grid_thw"": [[1, 24, 68]], ""processed_hw"": [[384, 1088]], ""visual_tokens"": 408}",a,a,False,False,a,True,True,g_train_3064.jpg,text_other,"{""original_size"": [1906, 720], ""grid_thw"": [[1, 24, 68]], ""processed_hw"": [[384, 1088]], ""visual_tokens"": 408}",gain
train_3913.jpg,d,d,False,False,d,True,True,g_train_3913.jpg,price,"{""original_size"": [720, 960], ""grid_thw"": [[1, 48, 36]], ""processed_hw"": [[768, 576]], ""visual_tokens"": 432}",a,a,False,False,d,False,False,g_train_3913.jpg,price,"{""original_size"": [720, 960], ""grid_thw"": [[1, 48, 36]], ""processed_hw"": [[768, 576]], ""visual_tokens"": 432}",loss
train_5222.jpg,c,c,False,False,a,False,False,g_train_5222.jpg,position,"{""original_size"": [720, 960], ""grid_thw"": [[1, 48, 36]], ""processed_hw"": [[768, 576]], ""visual_tokens"": 432}",a,a,False,False,a,True,True,g_train_5222.jpg,position,"{""original_size"": [720, 960], ""grid_thw"": [[1, 48, 36]], ""processed_hw"": [[768, 576]], ""visual_tokens"": 432}",gain
train_5555.jpg,a,a,False,False,a,True,True,g_train_5555.jpg,text_other,"{""original_size"": [1440, 720], ""grid_thw"": [[1, 28, 58]], ""processed_hw"": [[448, 928]], ""visual_tokens"": 406}",b,b,False,False,a,False,False,g_train_5555.jpg,text_other,"{""original_size"": [1440, 720], ""grid_thw"": [[1, 28, 58]], ""processed_hw"": [[448, 928]], ""visual_tokens"": 406}",loss
