id,split,split_position,image_path,file_sha256,pixel_sha256,dhash,image_error,train_csv_sha256,historical_split_confirmed
train_1194.jpg,train,0,C:\Users\SSAFY\Desktop\AI2_Challenge\data\train\train_1194.jpg,8e6add49e620839837cb1b597c00a988639c78c388992770c1d5c1ae075d503a,29eaf74280609814b0b16f33e4447e8b1cbf412fc9e7e22eeb16d364bef1aec6,e0fce07272c2e874,,83b31c210e42f9c47aa992960dfb5e5519cc2fdea089c82158ed2d73b1fa985b,False
train_3865.jpg,train,1,C:\Users\SSAFY\Desktop\AI2_Challenge\data\train\train_3865.jpg,572a24a676cc3b6e0eb59247461961204dd43c5b766be138c6ebc4d4c0857fa0,69a883e3eff1979c46bc9629a868a23fe14a5bf32aa5a42ba37f3d96d32f85c3,24263effd6b66c6c,,83b31c210e42f9c47aa992960dfb5e5519cc2fdea089c82158ed2d73b1fa985b,False
train_0682.jpg,train,2,C:\Users\SSAFY\Desktop\AI2_Challenge\data\train\train_0682.jpg,8ea63ded0d02991c2d0a7e1b2ee405551cf9e45d3cc781ce8bf1fa76337f4f13,23d2b35be39e6a4b9ae56d32cd95ad6b9bb8582f16f6460e6ea3b9ef865311fe,8206c078c8f8fc38,,83b31c210e42f9c47aa992960dfb5e5519cc2fdea089c82158ed2d73b1fa985b,False
train_3708.jpg,train,3,C:\Users\SSAFY\Desktop\AI2_Challenge\data\train\train_3708.jpg,93c2904da187c1107c07e0b9d40a6c9d245ac94a295e26bacbf682549e2baf38,107d973a75e12fa022c457bc88db2cb2481919830fe5de4018871c5fcec8a8f2,c7c5e2f23039b7ca,,83b31c210e42f9c47aa992960dfb5e5519cc2fdea089c82158ed2d73b1fa985b,False
train_3576.jpg,train,4,C:\Users\SSAFY\Desktop\AI2_Challenge\data\train\train_3576.jpg,66653ce0c130501679ce195794102324463ae4b9d9e7c939308855dd0d4b64f3,177e1cb7fdcc92b51515e02bd15c3387aa539baf2fcbdffb06b1d8e5cde7ec38,45dfe3e315abebb3,,83b31c210e42f9c47aa992960dfb5e5519cc2fdea089c82158ed2d73b1fa985b,False
train_5924.jpg,train,5,C:\Users\SSAFY\Desktop\AI2_Challenge\data\train\train_5924.jpg,c8996fbd074e114c93b5b86f5429450ed0939981685818759f2738efaef2b58c,18471fea821624b423382dafc9566d9ab1d71306fe6f2b5b2ea8f9920f18dfd9,110f5ad89a8cb8f8,,83b31c210e42f9c47aa992960dfb5e5519cc2fdea089c82158ed2d73b1fa985b,False
train_6530.jpg,train,6,C:\Users\SSAFY\Desktop\AI2_Challenge\data\train\train_6530.jpg,a1bfb3bc0e2daf7094918b67f245aa57f2f0605e9097497ce19c9b02aa0d5628,29faf26c04c2ca54413458261cea748f489e62b4f1837d4ebe656f2a7ac8a33c,7ebb72666676e3e3,,83b31c210e42f9c47aa992960dfb5e5519cc2fdea089c82158ed2d73b1fa985b,False
train_1050.jpg,train,7,C:\Users\SSAFY\Desktop\AI2_Challenge\data\train\train_1050.jpg,7049297ed76d963c88a94af1046762cb04f309800b513010f53cbcbd1fa89b51,37adae1f5cdae194c03d1c1cd09374e03bda16f5d7995c1fedb1f52c8021e59c,25b1b1f1acccfbcb,,83b31c210e42f9c47aa992960dfb5e5519cc2fdea089c82158ed2d73b1fa985b,False
train_6586.jpg,train,8,C:\Users\SSAFY\Desktop\AI2_Challenge\data\train\train_6586.jpg,04f7a6bf3b391021595e899597c6b34e6a0b6cd5a50c9859c304408be7fa123f,f6160466ae38fa966fe4745d213ca03f8855cd6dae237884ca4ca6b400cb6ac4,31383c3d2f870000,,83b31c210e42f9c47aa992960dfb5e5519cc2fdea089c82158ed2d73b1fa985b,False
train_4601.jpg,train,9,C:\Users\SSAFY\Desktop\AI2_Challenge\data\train\train_4601.jpg,91b01ae4b875d181c6e538348bcd81fedc6a764b9d6a0ed2c86e755ecdd2b606,e63547bd9fd5c29283f7cfa841e2a60a0a62d8b7cae3005a69cec3c37a0b0ff6,f3b3968cd5c5c0c0,,83b31c210e42f9c47aa992960dfb5e5519cc2fdea089c82158ed2d73b1fa985b,False
train_6206.jpg,train,10,C:\Users\SSAFY\Desktop\AI2_Challenge\data\train\train_6206.jpg,0dddc8f08c975900de6ab39153557e57fae97bc9d80c7517b1ea56c60e57163a,52b0d19cc7f266542b13353c088275e32f8f8c0f2fbbcbc991c873856b52901e,b1e888283bb3ade9,,83b31c210e42f9c47aa992960dfb5e5519cc2fdea089c82158ed2d73b1fa985b,False
train_3760.jpg,train,11,C:\Users\SSAFY\Desktop\AI2_Challenge\data\train\train_3760.jpg,55892b59e664d4a78b9ab30d05c827918215077dfe0e44060a3155da87b35954,7efc03a26655fd98e1e48c51cc0fba6a5ad5604e29261d27cb40f0e699407405,cc5cd0d99393a681,,83b31c210e42f9c47aa992960dfb5e5519cc2fdea089c82158ed2d73b1fa985b,False
train_4232.jpg,train,12,C:\Users\SSAFY\Desktop\AI2_Challenge\data\train\train_4232.jpg,ca7ac03ec296efe975ed2dca1f81402e2db63acfeebf89aed3512469549a8aeb,fa23368d01851e7ea16bf91f41c612967b53694e48c1647728a65944b2cc44fb,5264e8a6b6d6d399,,83b31c210e42f9c47aa992960dfb5e5519cc2fdea089c82158ed2d73b1fa985b,False
train_5404.jpg,train,13,C:\Users\SSAFY\Desktop\AI2_Challenge\data\train\train_5404.jpg,4030e31aa9b9efa0fe41c8bbae4c712c3184f017eb29e3999d01570bfbcd8ee3,fe780d88b81bdabcc8e529ee60e584a9f37d19252411ac7788f1c949e3a218ba,6b6988893b2beb6b,,83b31c210e42f9c47aa992960dfb5e5519cc2fdea089c82158ed2d73b1fa985b,False
train_1150.jpg,train,14,C:\Users\SSAFY\Desktop\AI2_Challenge\data\train\train_1150.jpg,57282ee03e0f9942bf540ffb4ed5a3d49c13d35de0428d57b11bf95d6c549d2a,eb87121a6c929bc6576d780f3a61c5dabbc6352219c5ce35794d0946b82a83fc,81818191b0119191,,83b31c210e42f9c47aa992960dfb5e5519cc2fdea089c82158ed2d73b1fa985b,False
train_6594.jpg,train,15,C:\Users\SSAFY\Desktop\AI2_Challenge\data\train\train_6594.jpg,791cdc7c300a7ec46ab3846e80070b5e52a0d42907507939ef2c6d766b1069fe,79470bdc7a951cde4b099cecf22892f244c976b41ae79ff8e6676ee858beee97,cfbbb2c9ca9abe7e,,83b31c210e42f9c47aa992960dfb5e5519cc2fdea089c82158ed2d73b1fa985b,False
train_5332.jpg,train,16,C:\Users\SSAFY\Desktop\AI2_Challenge\data\train\train_5332.jpg,ef4a65ec95743910b84a7f3f97bcc5a9226acfd5a518df1f20e29b637ae4037c,62969390402b3bbb1aa188ebe0d0f9813d1524f9ed5ec6658474d5ba02718d9b,8c8691b03038b822,,83b31c210e42f9c47aa992960dfb5e5519cc2fdea089c82158ed2d73b1fa985b,False
train_5961.jpg,train,17,C:\Users\SSAFY\Desktop\AI2_Challenge\data\train\train_5961.jpg,6534174f99661deb3e428cb956e8f10a9d892ecb80e0553e7314c95f24bbf74b,b0e8d11e9e4deb1ef0ae2f18172a683cd8b645a532bed93af3e76e58599cd118,003e4f0f12066700,,83b31c210e42f9c47aa992960dfb5e5519cc2fdea089c82158ed2d73b1fa985b,False
train_2115.jpg,train,18,C:\Users\SSAFY\Desktop\AI2_Challenge\data\train\train_2115.jpg,4cddc7b4701b72570fdaad3d0d2f139096825a5ebac2af23ca1006591853e6e5,850c222335f50899253c56cecd22ae3f09f8b75cd01165d5659305abf7527897,0fcf5fcf1961c0c9,,83b31c210e42f9c47aa992960dfb5e5519cc2fdea089c82158ed2d73b1fa985b,False
train_1612.jpg,train,19,C:\Users\SSAFY\Desktop\AI2_Challenge\data\train\train_1612.jpg,2412b06389a437b119a7567098264dfb72d7145bf132adecc264f59fad341304,7e7906cc5ab910a3485cae1619222046741300ef1840a108686ab7dd88f2b18f,47e054d555440cc0,,83b31c210e42f9c47aa992960dfb5e5519cc2fdea089c82158ed2d73b1fa985b,False
train_6558.jpg,train,20,C:\Users\SSAFY\Desktop\AI2_Challenge\data\train\train_6558.jpg,2efabc673eb361af75dc7427c60ee57604d96811605a956766d53934b34797f3,ae26f5b83f5b6ddaa3bed421083f55b7d68141ecf6f09faf222429285852e28f,6020a0616979a3ad,,83b31c210e42f9c47aa992960dfb5e5519cc2fdea089c82158ed2d73b1fa985b,False
train_0677.jpg,train,21,C:\Users\SSAFY\Desktop\AI2_Challenge\data\train\train_0677.jpg,e4957bbe1e194a676e1610295e8344ec10bcc80ad8389c916f94f9ab844ee09b,fdb063c6b33e0cd254ef228969be0a17aa4e88310dae8cd16af5256e39ce3314,12b0714041c94838,,83b31c210e42f9c47aa992960dfb5e5519cc2fdea089c82158ed2d73b1fa985b,False
train_1873.jpg,train,22,C:\Users\SSAFY\Desktop\AI2_Challenge\data\train\train_1873.jpg,344aaaa5dd75861646f4bc8aec9e16d033c9f9416fd9422582045790d3628e6b,c03c5a9b276bdd693481efca57b85837710aa15b2d840b134d7f394b0c0751e0,300cecdcf0f0b0d8,,83b31c210e42f9c47aa992960dfb5e5519cc2fdea089c82158ed2d73b1fa985b,False
train_4295.jpg,train,23,C:\Users\SSAFY\Desktop\AI2_Challenge\data\train\train_4295.jpg,cc597fceeea70c3ab69dfe2e713ed8f64b8a861d7a994bfe5df24476c335879b,6372a9935ca50dea8dd4b125e0e7615ec29865f9375c20206e999696e280f4a7,8f1e5e7be56c7866,,83b31c210e42f9c47aa992960dfb5e5519cc2fdea089c82158ed2d73b1fa985b,False
train_6460.jpg,train,24,C:\Users\SSAFY\Desktop\AI2_Challenge\data\train\train_6460.jpg,a3b0c2d9dac071624fffbccf6402d677818f70d576739d415e9fd3b50368100c,9d08ed7c7b5bef22f764ce500ad4e94bfc5072b144135263db50ca9557d60a31,6d6ddef0e49e5b7b,,83b31c210e42f9c47aa992960dfb5e5519cc2fdea089c82158ed2d73b1fa985b,False
train_6630.jpg,train,25,C:\Users\SSAFY\Desktop\AI2_Challenge\data\train\train_6630.jpg,d830eb0e41b6844f0ddb9336eea0a7c4c1a54f7ce12bdc6c4b030f58f2ca66e9,a8c930d9211b3941aa3a6107bb2598df6cef9673073b556d528803665c68898c,c3d23ccccd5a8067,,83b31c210e42f9c47aa992960dfb5e5519cc2fdea089c82158ed2d73b1fa985b,False
train_5890.jpg,train,26,C:\Users\SSAFY\Desktop\AI2_Challenge\data\train\train_5890.jpg,43566c059fbc3f084670a540d35c524956e96a0001502bc0ba96f64ddd85e18f,08a83578b6e1928defb1bbfc1478b3221450df26dd7e7ab7405aab9d1c34fe3d,e0969bd393f1c1c1,,83b31c210e42f9c47aa992960dfb5e5519cc2fdea089c82158ed2d73b1fa985b,False
train_0829.jpg,train,27,C:\Users\SSAFY\Desktop\AI2_Challenge\data\train\train_0829.jpg,18aa8cae72ebde0b2fe45a8dc6db36b668fd14e33b9d92ba4fb78ddfaa98b440,4f82627d477ef797d4cc2d6cef3e9e44728f9b0ac2ee21b62c3fd595eeaabad8,8386c28a80ced29a,,83b31c210e42f9c47aa992960dfb5e5519cc2fdea089c82158ed2d73b1fa985b,False
train_0133.jpg,train,28,C:\Users\SSAFY\Desktop\AI2_Challenge\data\train\train_0133.jpg,f61e038b5e6ce73ea67ed9f5099c349bdb980b8ca49cf6ebea97f5b79e7b34a5,8743848f7231515621b89e8413c8acf1998c3db9435abc6633cc52f981019800,f3b33233e1ed6fe5,,83b31c210e42f9c47aa992960dfb5e5519cc2fdea089c82158ed2d73b1fa985b,False
train_0218.jpg,train,29,C:\Users\SSAFY\Desktop\AI2_Challenge\data\train\train_0218.jpg,6144b2909f2f68f386c68f9950ea31935fffc7f97adfdc7513f0428936c35dd0,9e2d1e53ff1065c96c71de19d0cca4d8e8118aa81615dc058f525a19df19c5ac,2626466662622626,,83b31c210e42f9c47aa992960dfb5e5519cc2fdea089c82158ed2d73b1fa985b,False
train_4170.jpg,train,30,C:\Users\SSAFY\Desktop\AI2_Challenge\data\train\train_4170.jpg,490a5d9ef49dde68a87c48d32a89fbc718b9ff37901cdb18da49624f402e9962,c7916fda44027b063b6a7b0071bce53bacba79525227fa5530e459afa911bfde,e18c1f3b1f9ee7f3,,83b31c210e42f9c47aa992960dfb5e5519cc2fdea089c82158ed2d73b1fa985b,False
train_3537.jpg,train,31,C:\Users\SSAFY\Desktop\AI2_Challenge\data\train\train_3537.jpg,5b83d9dcf5d45b9ccc1062ed91daedab2a5522e7381761a143d8cd2ef86250ca,658797a628b7161fc7d3e6c17b6d5ebf2b7fd2d64dcab294e229bcebb86ea01f,3a7a6a72cbea0805,,83b31c210e42f9c47aa992960dfb5e5519cc2fdea089c82158ed2d73b1fa985b,False
train_4946.jpg,train,32,C:\Users\SSAFY\Desktop\AI2_Challenge\data\train\train_4946.jpg,88a1c0ed67e8759ad9796604d9f799de7701336f47b871d3940de2cf8042f7cf,4e7c5c6a86c2b696988b0bd344f1d4bc13db2d98b97d2dc575cc8de6ef476135,6f9b8b938383878f,,83b31c210e42f9c47aa992960dfb5e5519cc2fdea089c82158ed2d73b1fa985b,False
train_6535.jpg,train,33,C:\Users\SSAFY\Desktop\AI2_Challenge\data\train\train_6535.jpg,a3acb0bf1c8ae753fb18e99478673d019beb2527f77e2b68e972b53ad6b4cd20,4b47c286ab71461dc673ce77fa28e939de0813ea8a7561431850242756a518e2,9c98d84c9662a874,,83b31c210e42f9c47aa992960dfb5e5519cc2fdea089c82158ed2d73b1fa985b,False
train_4889.jpg,train,34,C:\Users\SSAFY\Desktop\AI2_Challenge\data\train\train_4889.jpg,10ed059d8d46fc140fd3f3a09e19c5a8ecd811ac3e641b9ea7dcf46da99b1576,7ece0180eac739b799f48c47f2d604b84dc037a15985d5a5719445f27d3c2cff,e030f9f8f435539a,,83b31c210e42f9c47aa992960dfb5e5519cc2fdea089c82158ed2d73b1fa985b,False
train_5974.jpg,train,35,C:\Users\SSAFY\Desktop\AI2_Challenge\data\train\train_5974.jpg,cac7496e80d40f38ed40e76754eb0b6d412e62421274232329eb164608dd829c,722e4129428319c5e4c84b35f02653fafa25e1aedf125471e3b2228c8e1e8699,80028e8ed2f8dc55,,83b31c210e42f9c47aa992960dfb5e5519cc2fdea089c82158ed2d73b1fa985b,False
train_0231.jpg,train,36,C:\Users\SSAFY\Desktop\AI2_Challenge\data\train\train_0231.jpg,03654c9cea00232d7880155fc585de965be268a19b8f8cdea4a62ab70c7f9ac1,e1ebec803ff3ebdba763decb056c20f02008fd940c6bb22cb226306de74db792,c1110123028381c7,,83b31c210e42f9c47aa992960dfb5e5519cc2fdea089c82158ed2d73b1fa985b,False
train_3856.jpg,train,37,C:\Users\SSAFY\Desktop\AI2_Challenge\data\train\train_3856.jpg,f4bca0ec369b91331476a59cfaa1f49fea22da799e127b2136fc919c50ea0b59,dda1fe49889b8036477c75c0e3585a6fd2e902c2e7c3b5558c5867412eed57ef,00003cfcdcf073ce,,83b31c210e42f9c47aa992960dfb5e5519cc2fdea089c82158ed2d73b1fa985b,False
train_2800.jpg,train,38,C:\Users\SSAFY\Desktop\AI2_Challenge\data\train\train_2800.jpg,3cf1971825291f1d9c2c3f135e74c1b2224700daa83bd8fffa1ded1203e6a96e,58ebdc03a7dfa0464ab10890737a99c9bb05663510b73e45ee730d380b97eee6,30e4554e46db73f3,,83b31c210e42f9c47aa992960dfb5e5519cc2fdea089c82158ed2d73b1fa985b,False
train_5372.jpg,train,39,C:\Users\SSAFY\Desktop\AI2_Challenge\data\train\train_5372.jpg,e85f8ab6de255ddca989a938654b071eda55cdfa7a0a16893ff520b0f519772b,d4f2e24ae7c1488e07c1ad6e0b9a1c0a0ebf526732e16b9735bde2dbaab301ac,e527c36323236327,,83b31c210e42f9c47aa992960dfb5e5519cc2fdea089c82158ed2d73b1fa985b,False
train_3552.jpg,train,40,C:\Users\SSAFY\Desktop\AI2_Challenge\data\train\train_3552.jpg,e7e30b731f6310b93146b5f22990f72c6e9398e595f06d820d14f6fce5759f7f,205c778b89386ea36282ec3bcad6a4b79c420a4c287a4b72b669386aac3c78da,191d4444141474f0,,83b31c210e42f9c47aa992960dfb5e5519cc2fdea089c82158ed2d73b1fa985b,False
train_1316.jpg,train,41,C:\Users\SSAFY\Desktop\AI2_Challenge\data\train\train_1316.jpg,7b50acc58cbcf42c835e526189a3654d47c61d06ea80fe0b2a0e5e5e005dbd48,ccac9b877aa76bc16b1e05c1b4b2bdef9f9aefac8705a56ca214c33b2e829dc5,9ca05a90c485010b,,83b31c210e42f9c47aa992960dfb5e5519cc2fdea089c82158ed2d73b1fa985b,False
train_0535.jpg,train,42,C:\Users\SSAFY\Desktop\AI2_Challenge\data\train\train_0535.jpg,a3aae0b6cfd4c41dd8e6123b0fb8fa53bff2724862e0d6eb49b008befe2bf333,9ccc86632025a3ce804bfbd513dad6a11fb5f2726bd60780c89cbb37bd01ad4b,010173624ae3e93f,,83b31c210e42f9c47aa992960dfb5e5519cc2fdea089c82158ed2d73b1fa985b,False
train_6702.jpg,train,43,C:\Users\SSAFY\Desktop\AI2_Challenge\data\train\train_6702.jpg,815c10ee1918a89c94c8c8d6659bcade2790ea241df837b46ea3931047ff3e6a,9c8d10e3e62999b1e27051144faa7ce7e900fde5d616474ae12bcecf0e807855,030be92e8e07c787,,83b31c210e42f9c47aa992960dfb5e5519cc2fdea089c82158ed2d73b1fa985b,False
train_5850.jpg,train,44,C:\Users\SSAFY\Desktop\AI2_Challenge\data\train\train_5850.jpg,f65796f4f3de4f304c9a3f35dcd2a0c0f427d8c8d8775d785f02584725766e58,9dcb7366ad2e49483c7712924d312bb0d9780580c12878f71a9eb345184794c1,ca8943030d8d0db4,,83b31c210e42f9c47aa992960dfb5e5519cc2fdea089c82158ed2d73b1fa985b,False
train_4954.jpg,train,45,C:\Users\SSAFY\Desktop\AI2_Challenge\data\train\train_4954.jpg,d22f91afb81972e9ca54db7c873d0cab6495fb01b5e2edb0b9bbc6c7b7441655,fb683125a27a2cbce573844e123c62ddf15ef53b99347c37516b5ea1c81df55b,7f9e173cec8dfcfc,,83b31c210e42f9c47aa992960dfb5e5519cc2fdea089c82158ed2d73b1fa985b,False
train_1727.jpg,train,46,C:\Users\SSAFY\Desktop\AI2_Challenge\data\train\train_1727.jpg,f7eec90d72a861ac31108158d23392a4c1d338283d91fe1bf5742f457c237a65,0b48d8ad11ab13c4e981bc762a786605e11f49fb867cae38ca626278b7772f4e,5ac0c4d4c6e6fff0,,83b31c210e42f9c47aa992960dfb5e5519cc2fdea089c82158ed2d73b1fa985b,False
train_5386.jpg,train,47,C:\Users\SSAFY\Desktop\AI2_Challenge\data\train\train_5386.jpg,6e0fb6b81c69a76fa0c1962e8e4b29fc75f9af311356e18a514dbf94bfa62042,9f65894b748941ff9f464312f8f22a28910a12f78685df05a288549460c6c658,27e4b755dd0c0000,,83b31c210e42f9c47aa992960dfb5e5519cc2fdea089c82158ed2d73b1fa985b,False
train_4559.jpg,train,48,C:\Users\SSAFY\Desktop\AI2_Challenge\data\train\train_4559.jpg,ec006ff00a24f70afc2fe53efdca766744571b9432bbaee5405d5f70a9296001,4a271a728b5797daf728898bc6028e54da24c55ad7a077a799f2a11ab3cc51d6,d3d3727666e4c8ec,,83b31c210e42f9c47aa992960dfb5e5519cc2fdea089c82158ed2d73b1fa985b,False
train_4839.jpg,train,49,C:\Users\SSAFY\Desktop\AI2_Challenge\data\train\train_4839.jpg,55209abe9cfb35afd291f217b7cf2eca4e0658c1da7e92f1283ce44858f143a8,9de243a424bbb6e3975dba3f01ae15c541a20edea1f470eefc45b2900aaba7c0,26d234b1b8a220ec,,83b31c210e42f9c47aa992960dfb5e5519cc2fdea089c82158ed2d73b1fa985b,False
train_2796.jpg,train,50,C:\Users\SSAFY\Desktop\AI2_Challenge\data\train\train_2796.jpg,b95580ea91481b8251ea6ae3e9ab24808517fe837bfd77373113507a896e16ec,fe4aa0d68b67bc30868b8b5514a733779a61133a6a37b805fd898dd52a640d53,53a3a7b89999f9e8,,83b31c210e42f9c47aa992960dfb5e5519cc2fdea089c82158ed2d73b1fa985b,False
train_3853.jpg,train,51,C:\Users\SSAFY\Desktop\AI2_Challenge\data\train\train_3853.jpg,074cc4866910974ab9d12bf3accb8f457efa822ce7c2a9f667900933be7fbb06,b6a2a32283bd2a3af7af94a3ae1a941317e2245dc54248c49af6aa548d958579,46c8a828e4d4a130,,83b31c210e42f9c47aa992960dfb5e5519cc2fdea089c82158ed2d73b1fa985b,False
train_2928.jpg,train,52,C:\Users\SSAFY\Desktop\AI2_Challenge\data\train\train_2928.jpg,248c5a8f3aa062d4aa8854233cbb0783186fd26331f6077000763e3ef231034a,0e62384ac0fa70a5c4590bad279c915d7f825af627437aaa56a7198f566d5552,9f1c5eda58151f1e,,83b31c210e42f9c47aa992960dfb5e5519cc2fdea089c82158ed2d73b1fa985b,False
train_3689.jpg,train,53,C:\Users\SSAFY\Desktop\AI2_Challenge\data\train\train_3689.jpg,85eb907ecfd385b78f7a9141b77a5ca4bade33fe2a11249165c9df7db09d3566,1d390fdb5599cf494e3c34f9efd225494c74db86d9946dd58d63764ad18a2f33,0d98f9cc8c89aaaa,,83b31c210e42f9c47aa992960dfb5e5519cc2fdea089c82158ed2d73b1fa985b,False
train_2956.jpg,train,54,C:\Users\SSAFY\Desktop\AI2_Challenge\data\train\train_2956.jpg,382475c70f93b9ed0a16a7cbd4175986dac3baf9faed6afaeaf093fa9de6b534,717860d89f3d9af6105a844a89efc9c1d6b864100d6af39ff5406f9ab207743b,b29ad2c24bf2f200,,83b31c210e42f9c47aa992960dfb5e5519cc2fdea089c82158ed2d73b1fa985b,False
train_3787.jpg,train,55,C:\Users\SSAFY\Desktop\AI2_Challenge\data\train\train_3787.jpg,7f9d33fb93f05d797ccd61b44c05e449210d8a60aba26a6bec42ee75c4437329,f669311091539c099d15a7675269ae6ea274d93b2eb6e8732deaab4a0624d59a,fc3f35c5e11bc7e4,,83b31c210e42f9c47aa992960dfb5e5519cc2fdea089c82158ed2d73b1fa985b,False
train_6310.jpg,train,56,C:\Users\SSAFY\Desktop\AI2_Challenge\data\train\train_6310.jpg,8cfe5d821836caea3dd5b64982e7202235d19621f64e8ef77f0040b498074f3e,1a1082d95024ada576416a1cc15addfb1f1a5f34d5dfec0a867e5416141290e1,efdfafe77c4c4866,,83b31c210e42f9c47aa992960dfb5e5519cc2fdea089c82158ed2d73b1fa985b,False
train_5313.jpg,train,57,C:\Users\SSAFY\Desktop\AI2_Challenge\data\train\train_5313.jpg,8107ab8a48c7adf90b9aa57a39d70c6b57de03ef04e393baa5f3ce8595677017,3027a00401f58bf014a09980f77dfd98a611ec4db5fd58caabba9a6140707677,98d0d0c0e2f2fcfe,,83b31c210e42f9c47aa992960dfb5e5519cc2fdea089c82158ed2d73b1fa985b,False
train_2619.jpg,train,58,C:\Users\SSAFY\Desktop\AI2_Challenge\data\train\train_2619.jpg,dcb1750e9031b9892c41b110109ae0e7d4b38701efdbfa9976832f1566609b14,2db81bfa57c6579bcb90d3f853fc02af953a67333c853a0fe0fa542ef0374649,e088b8b2e2e8b8b8,,83b31c210e42f9c47aa992960dfb5e5519cc2fdea089c82158ed2d73b1fa985b,False
train_0322.jpg,train,59,C:\Users\SSAFY\Desktop\AI2_Challenge\data\train\train_0322.jpg,ab04edb164ec034642e9b412266cb3a737579d99bc66ccbe3effa8dc91223a3c,37061a9ee4f9143510d0def9c59be075d002b9b41a285c06f808389c5459f2b0,b0cf8f8beadb6a6a,,83b31c210e42f9c47aa992960dfb5e5519cc2fdea089c82158ed2d73b1fa985b,False
train_4149.jpg,train,60,C:\Users\SSAFY\Desktop\AI2_Challenge\data\train\train_4149.jpg,c83ad5141acf8e54c996ff9ab3d6b57e6ed2936d9601f4e2e28f20ae4af3bdef,4baefbfef321c57984c0fc9f131e19dde88dfcafd871fe29dec016ba7d7e2832,f4d8e4fcc4c1c1e1,,83b31c210e42f9c47aa992960dfb5e5519cc2fdea089c82158ed2d73b1fa985b,False
train_5347.jpg,train,61,C:\Users\SSAFY\Desktop\AI2_Challenge\data\train\train_5347.jpg,eb2997a92cb063b3dc318e700cd17e0904d4329411cf3f21140e4724a4854941,43c4403abbb37cce4419021dbc3565ce6912e48281d3281b26b4bbdfc2e79ee0,6d3a3ab6e323a3a7,,83b31c210e42f9c47aa992960dfb5e5519cc2fdea089c82158ed2d73b1fa985b,False
train_2927.jpg,train,62,C:\Users\SSAFY\Desktop\AI2_Challenge\data\train\train_2927.jpg,d1acf19cd79b5e7aab6f3105bebe3f6d6e3d6db04d7a6f2e575a1ac78af3f3e3,5c717181eed9fe5d8c9376b029cd88c5d1c065ac16c41502f551c9b1f99ba502,e1b9f1e1e1a04445,,83b31c210e42f9c47aa992960dfb5e5519cc2fdea089c82158ed2d73b1fa985b,False
train_2851.jpg,train,63,C:\Users\SSAFY\Desktop\AI2_Challenge\data\train\train_2851.jpg,ec0431a7f7be977fffcde619bad1590342ddf95a2c2f226886f8f23fb838aa17,edbb321258f542f08c4ccdae3165e1d2428d8b4596d10180df3a12f44829fec6,a52595db55d49a9d,,83b31c210e42f9c47aa992960dfb5e5519cc2fdea089c82158ed2d73b1fa985b,False
train_5600.jpg,train,64,C:\Users\SSAFY\Desktop\AI2_Challenge\data\train\train_5600.jpg,0e5a848e84210ea36efc8bef661cf2ab2b38fabd0b3ba7f58ea0188adb38452d,cbead62f0cde9ae0545969ba225837a5d9dd1e2854b408528cd0298791546d9f,5f644c8dade0e76e,,83b31c210e42f9c47aa992960dfb5e5519cc2fdea089c82158ed2d73b1fa985b,False
train_2182.jpg,train,65,C:\Users\SSAFY\Desktop\AI2_Challenge\data\train\train_2182.jpg,eff4081acea812400db45d08cc0b0516035a5e98cd7a24a51d421a3768327c5b,d5cc12bf0eb77e759227c880e34f43ec0e2b999a9c9ac4b98db92d905b7f1b78,c19b39331c8e4733,,83b31c210e42f9c47aa992960dfb5e5519cc2fdea089c82158ed2d73b1fa985b,False
train_3019.jpg,train,66,C:\Users\SSAFY\Desktop\AI2_Challenge\data\train\train_3019.jpg,73aabde0a865ac4e1124fcb72f9864f0c332e696123b8b49b44301f28fc7cd69,6aa6448037c2c5b6dff8c473bb97ddc0f9da92e8e76f68d51fc6c6e0bf978d02,181858d4f4d83150,,83b31c210e42f9c47aa992960dfb5e5519cc2fdea089c82158ed2d73b1fa985b,False
train_2433.jpg,train,67,C:\Users\SSAFY\Desktop\AI2_Challenge\data\train\train_2433.jpg,ce56868dced26cf99bacf6fa9f0fa6605a604e2b9901616f116b8aeb7e2d6b35,293a5ae3b2c11a9499241b9b734439259245cd9b46bcd42fbd95d4f97622065f,d1c434b43494bef0,,83b31c210e42f9c47aa992960dfb5e5519cc2fdea089c82158ed2d73b1fa985b,False
train_1472.jpg,train,68,C:\Users\SSAFY\Desktop\AI2_Challenge\data\train\train_1472.jpg,d1a8babf05cbe4972c98a2ec4d5f5f2a21a11408fb846afe04f3f59248fa07a9,2620ad25c580819a0e31d7df11f3dbcad19ad84054d1eae57efb9f0bbc708143,d1ce446460006169,,83b31c210e42f9c47aa992960dfb5e5519cc2fdea089c82158ed2d73b1fa985b,False
train_5539.jpg,train,69,C:\Users\SSAFY\Desktop\AI2_Challenge\data\train\train_5539.jpg,98eba5ae0d408ddc8102c7bd8532c67a43cb42eef543b1005d22fd2e0b598fef,285266ab5ca1c4f33733b05c3e39c4c742845f4c9dedf213b83a67da031e9266,25a3b3cf3bda9a9e,,83b31c210e42f9c47aa992960dfb5e5519cc2fdea089c82158ed2d73b1fa985b,False
train_1920.jpg,train,70,C:\Users\SSAFY\Desktop\AI2_Challenge\data\train\train_1920.jpg,869b121e08f0bb4380df4bbc6c431ef2ee0c52c5f643717557c0a0842f4f1d3a,0538e4095a81bc71fe6d3e34613bc323a86c431806267b6eca2a1122b71503f1,603caaed0fefb332,,83b31c210e42f9c47aa992960dfb5e5519cc2fdea089c82158ed2d73b1fa985b,False
train_1730.jpg,train,71,C:\Users\SSAFY\Desktop\AI2_Challenge\data\train\train_1730.jpg,563d7ae7651fa7c68ac0ebde62c9694caadb5b5d65783403bf107dcfbb3493a4,9597be4ed5d74b7ca19b6e40d51a21085155e575181adf75c01b085a2e422548,e5b2a0c979337305,,83b31c210e42f9c47aa992960dfb5e5519cc2fdea089c82158ed2d73b1fa985b,False
train_0409.jpg,train,72,C:\Users\SSAFY\Desktop\AI2_Challenge\data\train\train_0409.jpg,018f42e5790ade52b6c7aeedfab9f2c8c3bc6a6bc7de9fd9a4487f04933b3b8a,89e71d03d77651b65d88fa31b4e0a7f9abb176141f76b8375c12b8c9146402e6,4e9ea3e0b01a1b13,,83b31c210e42f9c47aa992960dfb5e5519cc2fdea089c82158ed2d73b1fa985b,False
train_6048.jpg,train,73,C:\Users\SSAFY\Desktop\AI2_Challenge\data\train\train_6048.jpg,8d8a6b330db9f74e800194a1502565f510367f66fc8d4c8ca65078fa8380659f,16e0ceb33382fcbd637e1e550374ef30895b082d1e726eb51ea5cf44f3bbff54,71721e9831b5ed6d,,83b31c210e42f9c47aa992960dfb5e5519cc2fdea089c82158ed2d73b1fa985b,False
train_2978.jpg,train,74,C:\Users\SSAFY\Desktop\AI2_Challenge\data\train\train_2978.jpg,adddf522841ba7858f0be2ff2ab5a6f9fe7bb8ba5823347f951f747f4d2fd0c7,35df20d76c8c7237282285e4a10f3c0024ac9192cb1c841530c82181bbb85892,612d74b0965413c3,,83b31c210e42f9c47aa992960dfb5e5519cc2fdea089c82158ed2d73b1fa985b,False
train_5534.jpg,train,75,C:\Users\SSAFY\Desktop\AI2_Challenge\data\train\train_5534.jpg,d35227a54654c6b74166330a0ca8e6911ccd7b5dfbc42a8f378303ddb1d2e07f,e1172d425256da4bfcbf45525e57d7bc4433e41aff80976b62fc3ee192f34f76,c7c142c6d9f1c587,,83b31c210e42f9c47aa992960dfb5e5519cc2fdea089c82158ed2d73b1fa985b,False
train_4238.jpg,train,76,C:\Users\SSAFY\Desktop\AI2_Challenge\data\train\train_4238.jpg,9ddaf5aa04a18bf30f5a059368f80c843b3f4259087590020172d7d49d966391,e1cab073980ecf75805933025875d4e64b9acc2ca1caed0b4f18d29e42aeb7af,6cc084e8ebb62046,,83b31c210e42f9c47aa992960dfb5e5519cc2fdea089c82158ed2d73b1fa985b,False
train_5456.jpg,train,77,C:\Users\SSAFY\Desktop\AI2_Challenge\data\train\train_5456.jpg,5b7c9734766d5be3b86e24515dbf80410dbe57d58ebbecfee5587ae5ddd6b6ac,0bc9630cde5f8f70220a0d4976d1d498b9f40099becac6f79fef3b908f948db7,608c9cb4a4377233,,83b31c210e42f9c47aa992960dfb5e5519cc2fdea089c82158ed2d73b1fa985b,False
train_1098.jpg,train,78,C:\Users\SSAFY\Desktop\AI2_Challenge\data\train\train_1098.jpg,9f3ce8dc0ec293b944b310f0e16274e8ce839c37759bf207eabd5436974e0cca,b9abac4e2bc0e14ce6cb2987dd5cf7fa04c0edf3b8284ccbb02308d2166ace21,e4c4dc493d385b3d,,83b31c210e42f9c47aa992960dfb5e5519cc2fdea089c82158ed2d73b1fa985b,False
train_5412.jpg,train,79,C:\Users\SSAFY\Desktop\AI2_Challenge\data\train\train_5412.jpg,bca7e47bacd48210d4631fd40da78e9df6483a2fd8aca1f1c3d9597d0483126a,52030c54a82c652837b7fe05cddbb3d42e9fb533a343a678a7bd8ad2757c863a,1414ada5e4cc3566,,83b31c210e42f9c47aa992960dfb5e5519cc2fdea089c82158ed2d73b1fa985b,False
train_1841.jpg,train,80,C:\Users\SSAFY\Desktop\AI2_Challenge\data\train\train_1841.jpg,7b3e090f9deedf30582215d8c329c7e76c32e216721076f68030a8151459ebf8,721352fb98dcf2b55d0d025ca8c377714e85f5dc602e85d7391f54fff1554ceb,131a0e4840849b13,,83b31c210e42f9c47aa992960dfb5e5519cc2fdea089c82158ed2d73b1fa985b,False
train_2432.jpg,train,81,C:\Users\SSAFY\Desktop\AI2_Challenge\data\train\train_2432.jpg,94485fd90d032adfce44cfa210d2d1b07af908042e3260b2c03d05d29521fea7,37d35cf348cbd789ce6e3e3b20a73250baa65d4bfd9406d729e36319f7cdc26d,81e2e6f8f87139b9,,83b31c210e42f9c47aa992960dfb5e5519cc2fdea089c82158ed2d73b1fa985b,False
train_1974.jpg,train,82,C:\Users\SSAFY\Desktop\AI2_Challenge\data\train\train_1974.jpg,9a8f8021d30b859afefba81a83dea79d12514df79ca97a8a582531e08eaf7684,cbe38aee62db9595fcf02dc2e54428e4113d2b8038abfc7fdb73a01d2f08fd2d,b09094ce92828bc9,,83b31c210e42f9c47aa992960dfb5e5519cc2fdea089c82158ed2d73b1fa985b,False
train_3553.jpg,train,83,C:\Users\SSAFY\Desktop\AI2_Challenge\data\train\train_3553.jpg,0f1f150fbec996bb51f256d04623ce72ad9b56fa33e3d35d1d69db844410caf6,4ce4495487294daf564760c5a3b637640fb67bdfb062f6807d4cb653bab63eee,cd9534757535b595,,83b31c210e42f9c47aa992960dfb5e5519cc2fdea089c82158ed2d73b1fa985b,False
train_5986.jpg,train,84,C:\Users\SSAFY\Desktop\AI2_Challenge\data\train\train_5986.jpg,132f07cc60ceb0771e004fd2b384c451120c262a2d7704fef4db09c0d61d8ce0,fd9509a06bc40acbcc5342bc25fb03777bcf65c45a07d0ccd3419e34460eebd8,400796e87081c300,,83b31c210e42f9c47aa992960dfb5e5519cc2fdea089c82158ed2d73b1fa985b,False
train_4520.jpg,train,85,C:\Users\SSAFY\Desktop\AI2_Challenge\data\train\train_4520.jpg,3406a263d03a528f5e5eb239587817799f231c025b5b865ba4cc080e0d9cd28b,d3c51082aa2845d3cff668a3cebf285210e9e588994aec5c8b647ffc7c716a73,8c86c240b0c97050,,83b31c210e42f9c47aa992960dfb5e5519cc2fdea089c82158ed2d73b1fa985b,False
train_4686.jpg,train,86,C:\Users\SSAFY\Desktop\AI2_Challenge\data\train\train_4686.jpg,f403f4d0166f9e5753112e6831aead6b5a4fb969c56d6b1fea3be87b77f14c7b,c32d468453d1e9818d72b7576ed59b6df47f2be64aed32e72a12944051138472,fee9dbeed89dd0fc,,83b31c210e42f9c47aa992960dfb5e5519cc2fdea089c82158ed2d73b1fa985b,False
train_0801.jpg,train,87,C:\Users\SSAFY\Desktop\AI2_Challenge\data\train\train_0801.jpg,ba1face5ce538e67d5dc5d52e1a7ea3e569cefd1d7916c5cf8f4ad02b7f97f42,fc4307c849d45569a4c49435130c07eaacdb8265dad04c28646f367158dfa79e,bc98f878fc6cde3f,,83b31c210e42f9c47aa992960dfb5e5519cc2fdea089c82158ed2d73b1fa985b,False
train_2230.jpg,train,88,C:\Users\SSAFY\Desktop\AI2_Challenge\data\train\train_2230.jpg,757efbb073592216630169c49d9a6026fc7b8f1c1bf7fa9564888a1e9691a36f,fbeb0d527b60a385bb5000a40317eecbb8cdd883f19ca80d1519885eda9e3126,b333b686dae6aa28,,83b31c210e42f9c47aa992960dfb5e5519cc2fdea089c82158ed2d73b1fa985b,False
train_3843.jpg,train,89,C:\Users\SSAFY\Desktop\AI2_Challenge\data\train\train_3843.jpg,b61179d5557af52d8ecec505cedeca0f59e69bec0edc9b2c1b4eb2a881a41afb,5ab08558e1880da0b2b70b778f80055d54a1b81c0f581d91eb7775ce980d7484,015c383a292a0a01,,83b31c210e42f9c47aa992960dfb5e5519cc2fdea089c82158ed2d73b1fa985b,False
train_5604.jpg,train,90,C:\Users\SSAFY\Desktop\AI2_Challenge\data\train\train_5604.jpg,c4eed218169f91a3523138f7f7f4d07889ac0cc1344196fef2f7e8f93531cf23,d7a584a2d39dba0e308e8212f743c1f5fb4355348a22d0d782a7cef2a244cf95,9ce4a0e8e086063d,,83b31c210e42f9c47aa992960dfb5e5519cc2fdea089c82158ed2d73b1fa985b,False
train_5420.jpg,train,91,C:\Users\SSAFY\Desktop\AI2_Challenge\data\train\train_5420.jpg,dc9b2ed6bad53fe0b350be2d924e1e87aeb4dd18430111c047b291a4367e2e2a,7fe3194121bb42ad6699a9b25c054cab15849e3aa693ec956abe5e5160193089,0397f4fafc260e0d,,83b31c210e42f9c47aa992960dfb5e5519cc2fdea089c82158ed2d73b1fa985b,False
train_1048.jpg,train,92,C:\Users\SSAFY\Desktop\AI2_Challenge\data\train\train_1048.jpg,042463d0d03435cb08a7a1782880a1eef6c0bc35de1a689691d7475c287f6f26,46ebd8ebdcecfa4d81ef07ed021d1f18351b70e70eb204f1ab8688570bb7e854,481232737171f9a1,,83b31c210e42f9c47aa992960dfb5e5519cc2fdea089c82158ed2d73b1fa985b,False
train_2543.jpg,train,93,C:\Users\SSAFY\Desktop\AI2_Challenge\data\train\train_2543.jpg,8df742c5f08f610bc524aeba8a05a83e938a4b96066087b43de39b249e1de0e4,667d7cc4a8f45aa6dd98336fb6bac06bf822af3c17479979a6bfaf9e68eb5ced,fcd9f9fcf9d9f8f2,,83b31c210e42f9c47aa992960dfb5e5519cc2fdea089c82158ed2d73b1fa985b,False
train_2096.jpg,train,94,C:\Users\SSAFY\Desktop\AI2_Challenge\data\train\train_2096.jpg,8757bd26076f5fa285e2f4fe236af1ce89df94dc471bf32e6f7097ee5715166e,69816ef948bcf11b8ac1251f30fc2fe152917e20a51d38458f08b5a21af50c38,be87c682c6e2c29a,,83b31c210e42f9c47aa992960dfb5e5519cc2fdea089c82158ed2d73b1fa985b,False
train_2317.jpg,train,95,C:\Users\SSAFY\Desktop\AI2_Challenge\data\train\train_2317.jpg,5c072d028112e56e8d9d78d714f868c06317d452e6122637bfd90fcc722e61fa,ec1d1ac0b3cfc780ec0ac50ddcee7ece08a80fd3e17bac3472d49188fa561865,f8145f57f58518f1,,83b31c210e42f9c47aa992960dfb5e5519cc2fdea089c82158ed2d73b1fa985b,False
train_1776.jpg,train,96,C:\Users\SSAFY\Desktop\AI2_Challenge\data\train\train_1776.jpg,f7f03a2d4bb3f27f8f0ebd05d33f09d2830d9fbad6409372dbe17352eef325f4,313ced14faacc2be90092a9242d59498956a4bc13c974b1bfa9ef932887fc8c2,404c4c4040202040,,83b31c210e42f9c47aa992960dfb5e5519cc2fdea089c82158ed2d73b1fa985b,False
train_0737.jpg,train,97,C:\Users\SSAFY\Desktop\AI2_Challenge\data\train\train_0737.jpg,32e5b79d29beae716a1598460741b4486fbd497b948b74507b30b89088bc3ef5,44871369d905a5061fa0e9afe83125f3f4acbbc69ab2cb67391e2c03d8647dfd,7871616549394d56,,83b31c210e42f9c47aa992960dfb5e5519cc2fdea089c82158ed2d73b1fa985b,False
train_2918.jpg,train,98,C:\Users\SSAFY\Desktop\AI2_Challenge\data\train\train_2918.jpg,0ac0a266eb4841ac2ef00460484666eb2322a5901d77289cc0521e720aee54ac,501a03b60ae6b756c1b9020614a45c0e559edd44cbcd3d46683e9dca3f3d5cca,e00434721ad8a0c0,,83b31c210e42f9c47aa992960dfb5e5519cc2fdea089c82158ed2d73b1fa985b,False
train_2901.jpg,train,99,C:\Users\SSAFY\Desktop\AI2_Challenge\data\train\train_2901.jpg,63ae78b05fded1c0db8c2cea924ad623b0cdda7ae530fb592a081fbc68852bf6,a3b9e64710f93fd5b5bc76fb8195c66f70ff5a755c36e78436444e1c563d5a7a,9802ee889b96d49b,,83b31c210e42f9c47aa992960dfb5e5519cc2fdea089c82158ed2d73b1fa985b,False
train_0335.jpg,train,100,C:\Users\SSAFY\Desktop\AI2_Challenge\data\train\train_0335.jpg,09dd5961c6376324965c7db4b6c4ddd00ecae9459095bdb13f59ba8cee9e22d0,4784ba92dc458cfebbc2b9818130480066d752ba9ca78b7908e0424e9876085a,038e4d8990505830,,83b31c210e42f9c47aa992960dfb5e5519cc2fdea089c82158ed2d73b1fa985b,False
train_3959.jpg,train,101,C:\Users\SSAFY\Desktop\AI2_Challenge\data\train\train_3959.jpg,a9dd8a24069b238a45d560ab8db3320019402f90fe6c6f7246353a11550f248c,4926ce0bc494c0b3d91c94244d176cb8f9635d425ab00ee6c6e5dce054e18719,c280e0f4e8e0e141,,83b31c210e42f9c47aa992960dfb5e5519cc2fdea089c82158ed2d73b1fa985b,False
train_1010.jpg,train,102,C:\Users\SSAFY\Desktop\AI2_Challenge\data\train\train_1010.jpg,3ef31862de1f1eeb228cdcbb3e16a44ed993cc0104c87efa082ff4d8f3cb931b,ade1db92281107194830143e15cddb56cfa356288621928daf4f6c25bcea33c7,177cb8d2d4f0e4e4,,83b31c210e42f9c47aa992960dfb5e5519cc2fdea089c82158ed2d73b1fa985b,False
train_6366.jpg,train,103,C:\Users\SSAFY\Desktop\AI2_Challenge\data\train\train_6366.jpg,8892931d4f71fd3f4ee9fb171e90dffc96d54a3a67338a8a4f0069eac292bdc9,bb5323c9aa5f361ba97a675c77aa476abe460cab5239f42d45ac8c13bbfb8b2a,3e7e9f938c8cfbf8,,83b31c210e42f9c47aa992960dfb5e5519cc2fdea089c82158ed2d73b1fa985b,False
train_4582.jpg,train,104,C:\Users\SSAFY\Desktop\AI2_Challenge\data\train\train_4582.jpg,7a8586d6159f8fda999500e5826da0428c9fd33627c34d74c4a55c91c4b6f427,3d233fe7ffad452c34569a57d774fb268c831c1bd782f02a08c232b51a3f562c,1c3d3d3d335763e1,,83b31c210e42f9c47aa992960dfb5e5519cc2fdea089c82158ed2d73b1fa985b,False
train_1145.jpg,train,105,C:\Users\SSAFY\Desktop\AI2_Challenge\data\train\train_1145.jpg,e8a05505c6f727fda8b7ab51b09fe6640753b174f1654c7c90d68d96a0030a8c,8866f86a9a31d105f1c5c9b59ba42ec2089313d35c60d54fed998d7df76adb69,400c1e0c68704b1d,,83b31c210e42f9c47aa992960dfb5e5519cc2fdea089c82158ed2d73b1fa985b,False
train_1579.jpg,train,106,C:\Users\SSAFY\Desktop\AI2_Challenge\data\train\train_1579.jpg,c08601cd6b4062a716fde256e0c7333da99810f30cdec624e9647a3a9293cefd,f0571079293a8109b3761024489a034af54267a8745a7144403ca461f154ba05,b8a3010143753c3f,,83b31c210e42f9c47aa992960dfb5e5519cc2fdea089c82158ed2d73b1fa985b,False
train_0834.jpg,train,107,C:\Users\SSAFY\Desktop\AI2_Challenge\data\train\train_0834.jpg,cb854d79f057b23857b61b8f749371a64add55ceadd383b32573366f8c1853ce,040e917ded052e0cdcde15c37cd3e5023434a56733fb1b481c9a3040e646eae6,edacc6c68666e686,,83b31c210e42f9c47aa992960dfb5e5519cc2fdea089c82158ed2d73b1fa985b,False
train_6038.jpg,train,108,C:\Users\SSAFY\Desktop\AI2_Challenge\data\train\train_6038.jpg,ab97a4881f06f2b49ea5afd06c2365ce1f969e0f1cfd33daef66583eceee0ee6,c6c5e59dd836fe31b5a5710d3f3b5a6051f51ac02ef59c6927e161b3a18f0fbd,80ccccb4848c2020,,83b31c210e42f9c47aa992960dfb5e5519cc2fdea089c82158ed2d73b1fa985b,False
train_5830.jpg,train,109,C:\Users\SSAFY\Desktop\AI2_Challenge\data\train\train_5830.jpg,70519ef9ee4277392ba0598c47f8b63960716a0ee85bbacc85e5863d95430630,4c2e0511131be0ccbcfb68ae69a43ac3ca849821392091ac71df1b4c67b1c2a3,8cc44fccc9ca92d6,,83b31c210e42f9c47aa992960dfb5e5519cc2fdea089c82158ed2d73b1fa985b,False
train_4654.jpg,train,110,C:\Users\SSAFY\Desktop\AI2_Challenge\data\train\train_4654.jpg,a808f9830d2a922944abd80e021f089949faea4002963a8abb9243b0ce9753f6,0e70cb490b20f4110037b43ba0817e2e22f75ed45bb4dc7585c129579a747eba,c0bcec3c31f4f0f0,,83b31c210e42f9c47aa992960dfb5e5519cc2fdea089c82158ed2d73b1fa985b,False
train_4126.jpg,train,111,C:\Users\SSAFY\Desktop\AI2_Challenge\data\train\train_4126.jpg,d46fb5ee10d04b1a8e5cdf5af5d28056edd10a84af4dc4db7d017ff8a033e9af,8e0ebd23bd91da873024fda93d736c8269bc5ba122f4b9f65ec689aa2d1a7738,49c282888c8e8c97,,83b31c210e42f9c47aa992960dfb5e5519cc2fdea089c82158ed2d73b1fa985b,False
train_1722.jpg,train,112,C:\Users\SSAFY\Desktop\AI2_Challenge\data\train\train_1722.jpg,71b2a8cdb5725ff717408f3c10bee692758058b4d03c8fba0a998905d2bbf89d,0bf0cdccd0fa8a445eb9cedbb4b45a720c32cb99f38a8affc4d2052b6f34eaed,c3c1ced0d2c6c5ec,,83b31c210e42f9c47aa992960dfb5e5519cc2fdea089c82158ed2d73b1fa985b,False
train_4536.jpg,train,113,C:\Users\SSAFY\Desktop\AI2_Challenge\data\train\train_4536.jpg,299b32ad6a7ab11fa3f4d0912e3b939f4f3193938f034e184ae8e2859342b6c2,749dbc975c6fe2d718ba803f82272976c2dbbe13db93e914290db19ff4289b8e,0319999918691371,,83b31c210e42f9c47aa992960dfb5e5519cc2fdea089c82158ed2d73b1fa985b,False
train_2861.jpg,train,114,C:\Users\SSAFY\Desktop\AI2_Challenge\data\train\train_2861.jpg,ec17bc261b6f9ab291cf4d5e89f10978869d0d7d780f61a82d765a084cec371f,6ef7316a817dda7f09312bad08d761ce0015cecebf98c071023a68581f547c93,0007fc3011114e4f,,83b31c210e42f9c47aa992960dfb5e5519cc2fdea089c82158ed2d73b1fa985b,False
train_1373.jpg,train,115,C:\Users\SSAFY\Desktop\AI2_Challenge\data\train\train_1373.jpg,2744e09b72cb24833e7d55403c716384c3a26b6d8d2b97fd6cb288f69ad2cbe5,08cbcbec9efd81b474ef20e571368baa7f8ed3a351b488202b09b8e972496ec4,39d8c6cd3e770b1b,,83b31c210e42f9c47aa992960dfb5e5519cc2fdea089c82158ed2d73b1fa985b,False
train_5414.jpg,train,116,C:\Users\SSAFY\Desktop\AI2_Challenge\data\train\train_5414.jpg,51c49c60af528af0f8dde576396ee68eab5fe5be31c57e0cab78637e87d27e9d,151ae8ac6990074e82b9a003aed96781d863ccca8f3712bf13d1289ad6333a30,e72e8a3a3a6867c3,,83b31c210e42f9c47aa992960dfb5e5519cc2fdea089c82158ed2d73b1fa985b,False
train_3166.jpg,train,117,C:\Users\SSAFY\Desktop\AI2_Challenge\data\train\train_3166.jpg,73de193fbb163a2af5ce11b73647ee8fe53429c45b6405595daa0fc1de30fc9c,0e42e20e9f57b5e249f5995660cd646e8e3f808a21b341d00eeaca7d492b1353,60f2d0f9bcfcfc7e,,83b31c210e42f9c47aa992960dfb5e5519cc2fdea089c82158ed2d73b1fa985b,False
train_3667.jpg,train,118,C:\Users\SSAFY\Desktop\AI2_Challenge\data\train\train_3667.jpg,4f9c347411bc9ae4a82212ff8eb856f1eaef3ddddefe7a36adf3f83c0768b989,41b461f1e646845fe7840a7336b5d11a0c68e6cfe2f9a285211bd9b196a1400e,1dc5c3a293f25638,,83b31c210e42f9c47aa992960dfb5e5519cc2fdea089c82158ed2d73b1fa985b,False
train_4163.jpg,train,119,C:\Users\SSAFY\Desktop\AI2_Challenge\data\train\train_4163.jpg,0dc84530773d30122892286179c5f4556feea9fe28a38336e62c8e30a5b69e53,e5f11212bcf615bc70f5ff00e1be7362d86a7672e3e95495736835b736eeab98,667031f6e264f0c3,,83b31c210e42f9c47aa992960dfb5e5519cc2fdea089c82158ed2d73b1fa985b,False
train_4251.jpg,train,120,C:\Users\SSAFY\Desktop\AI2_Challenge\data\train\train_4251.jpg,98cbe493bb8a117093ecb7ea54a440b90e334dae0d5895c5a85eeff2e61b7b0d,6c5397940e9a5c12dbae9cbe2f183c159c7937bfaaf3212291a4df91cdd40250,4c4e5ed65a283179,,83b31c210e42f9c47aa992960dfb5e5519cc2fdea089c82158ed2d73b1fa985b,False
train_5721.jpg,train,121,C:\Users\SSAFY\Desktop\AI2_Challenge\data\train\train_5721.jpg,81084eedd1462279957c14f48aff576603d3d52a35cb205864c9eac6efc19478,c36383f137fc22987c4aaae8bc3f7b6b0de6c3c8e0a3a3b2689a5d2016a16688,0e960e8b9bd99b66,,83b31c210e42f9c47aa992960dfb5e5519cc2fdea089c82158ed2d73b1fa985b,False
train_3040.jpg,train,122,C:\Users\SSAFY\Desktop\AI2_Challenge\data\train\train_3040.jpg,0775141da7e0bee04fa18d445dc39845bf33235e5328dc6c055ff569027a7ab6,3e80691f781ce6edc1bf3c3cb9005ffdfeb8054c3c48b9cada461ad3e6e80a5a,d9d8d0c0f3f1e9f8,,83b31c210e42f9c47aa992960dfb5e5519cc2fdea089c82158ed2d73b1fa985b,False
train_4999.jpg,train,123,C:\Users\SSAFY\Desktop\AI2_Challenge\data\train\train_4999.jpg,0c258ca89a3937b79dd22ee84d8dd166e98846bb52ad8806ed7894f9615f71a1,c09971255df4cc38ce0a047f16494b1bfd7cc3176dbf8a86423c1d3f2e9fa107,c0d29292ceac3040,,83b31c210e42f9c47aa992960dfb5e5519cc2fdea089c82158ed2d73b1fa985b,False
train_1424.jpg,train,124,C:\Users\SSAFY\Desktop\AI2_Challenge\data\train\train_1424.jpg,eab589e6cfc062438e91f444116ff64fe3315fc987f82ec832234edb25b0fe06,73172082d3c75c2282d34f2537f1a90a59ab3849d0794512ef9af5fd1de08fcc,f8f8d8d4c4c4f4f0,,83b31c210e42f9c47aa992960dfb5e5519cc2fdea089c82158ed2d73b1fa985b,False
train_2252.jpg,train,125,C:\Users\SSAFY\Desktop\AI2_Challenge\data\train\train_2252.jpg,b7c78c9abdd8995d0311466a059aa08c91236ecd0614e31ab1bf8c5e576f228a,1b67579d87bd078731b6fcc0025be0f57af5dffc839cea8959c46bfb3428d0d8,c9d9d818909291b7,,83b31c210e42f9c47aa992960dfb5e5519cc2fdea089c82158ed2d73b1fa985b,False
train_0234.jpg,train,126,C:\Users\SSAFY\Desktop\AI2_Challenge\data\train\train_0234.jpg,5fd28c3f9e884e815d5794a6568c70b6333ca2be87b81b38249ea5166210fc26,498aed2968672a9cc2751e8f57b7cccbb7fb30b5fd7bb86ce4726f2b1daee1ee,c4e4f8f8f0f0e8e8,,83b31c210e42f9c47aa992960dfb5e5519cc2fdea089c82158ed2d73b1fa985b,False
train_3520.jpg,train,127,C:\Users\SSAFY\Desktop\AI2_Challenge\data\train\train_3520.jpg,e62bdf59bd0902ea2ba31e4fdef8f021d6a0d93815359832e34f186ee2a8b09f,3c4118bb3c39bc4c9d0a246e3142e21e7185c9aead918e031f759a4370a72405,11191199c1c36230,,83b31c210e42f9c47aa992960dfb5e5519cc2fdea089c82158ed2d73b1fa985b,False
train_0474.jpg,train,128,C:\Users\SSAFY\Desktop\AI2_Challenge\data\train\train_0474.jpg,ffd3a5e68f0447eb17623149f861f17c766f2b5bab82eb0f7802bd396521ba18,8b804b9f3aca4b8384092a0781fe75c39b20f1482642e67f45c739b7746c5bd2,ec70318b8e978d89,,83b31c210e42f9c47aa992960dfb5e5519cc2fdea089c82158ed2d73b1fa985b,False
train_6660.jpg,train,129,C:\Users\SSAFY\Desktop\AI2_Challenge\data\train\train_6660.jpg,381f7772ac14cbf2608c97f468fc87e9cc6df27cd87bb75a7d5b3fea24180ce0,2f7ae895e569666d78e4eb92b3f651194bfee0e21b754e73a40d2f45170a0153,f78e613633071138,,83b31c210e42f9c47aa992960dfb5e5519cc2fdea089c82158ed2d73b1fa985b,False
train_3307.jpg,train,130,C:\Users\SSAFY\Desktop\AI2_Challenge\data\train\train_3307.jpg,9dc0b2799bcf75763d504cc94ad9fc056e5ac2164ef7e7bbe7dd4ce91d900d91,ec6d5dd85f2a7229a6359f54c947f2173d2627fe3e3413107b79df48fdf3b50b,3ffcc011396ce038,,83b31c210e42f9c47aa992960dfb5e5519cc2fdea089c82158ed2d73b1fa985b,False
train_5725.jpg,train,131,C:\Users\SSAFY\Desktop\AI2_Challenge\data\train\train_5725.jpg,daf80ec22c452330f5e3f1727708d468a5e392f7aaaaa630a4686e189ac95540,b6b803ba3ce27c4c8737946cc602e6773dd6e8d03d47ab538473979738d13ceb,5b6b696878606068,,83b31c210e42f9c47aa992960dfb5e5519cc2fdea089c82158ed2d73b1fa985b,False
train_6413.jpg,train,132,C:\Users\SSAFY\Desktop\AI2_Challenge\data\train\train_6413.jpg,d20be0441058da1c789d2f2f56a8a8f48a4682b9957abc2f9c4d8d5d72093432,2d0c618f20951165e2038a54862bdd0f50c4800bd85cbdde27f19f01d9a64f3f,a0f233866424e5f3,,83b31c210e42f9c47aa992960dfb5e5519cc2fdea089c82158ed2d73b1fa985b,False
train_3623.jpg,train,133,C:\Users\SSAFY\Desktop\AI2_Challenge\data\train\train_3623.jpg,24463589b8577b5c09c19de2c1f2e06a2828c2cf7f3c5d862d2e7d8a65050ff2,19f45259d8209b9f6911357b39bb0703e46db84180213b5d9c404eb161517957,8013687e6e681cfc,,83b31c210e42f9c47aa992960dfb5e5519cc2fdea089c82158ed2d73b1fa985b,False
train_0248.jpg,train,134,C:\Users\SSAFY\Desktop\AI2_Challenge\data\train\train_0248.jpg,8e96ef90b5377f39715b7bb7c32db22b1f77368301a47dd125badb3224dd5084,0fd130937b0f99a099b22af986cfbc634ec35dc1392b179fb6d23ff82b981e9e,7078f932b058d2b2,,83b31c210e42f9c47aa992960dfb5e5519cc2fdea089c82158ed2d73b1fa985b,False
train_2349.jpg,train,135,C:\Users\SSAFY\Desktop\AI2_Challenge\data\train\train_2349.jpg,133b463d868f9eb55d686f4bcbf2bebe16018a07bbd7b42e55af43d8c66dca70,72c42f4456bcb157a514d73cb079d61ac20a3c298c18d4d7fb74e129531814a7,b79e9d9dad2d2d9f,,83b31c210e42f9c47aa992960dfb5e5519cc2fdea089c82158ed2d73b1fa985b,False
train_4862.jpg,train,136,C:\Users\SSAFY\Desktop\AI2_Challenge\data\train\train_4862.jpg,586f141858be0e68bad02635c42f3c8fd662820f7c8d9015328778210fe8f85b,23e82a7a919643d53b7cf4fd92dad1bbed6f8fdfce943cba6f6c6fee6e25cdde,79330e0c0c6a2afc,,83b31c210e42f9c47aa992960dfb5e5519cc2fdea089c82158ed2d73b1fa985b,False
train_3086.jpg,train,137,C:\Users\SSAFY\Desktop\AI2_Challenge\data\train\train_3086.jpg,396d1135d03c10598a268cc546829a4c3509f4f9dfb4e496d592856ee43875ff,4298606dce150945bdb1738fa7c31493f803c7ba24586f1687e27c752379e888,ef6f6f2f2b3e1c8e,,83b31c210e42f9c47aa992960dfb5e5519cc2fdea089c82158ed2d73b1fa985b,False
train_4784.jpg,train,138,C:\Users\SSAFY\Desktop\AI2_Challenge\data\train\train_4784.jpg,d380e2979aef11beec3e98ae79a578d5dde2fb2c8bed4ee753ce3fc9274a8d01,099e229082f03dd46618b35c0dd9b7b4491fd296ed9edade5becea3256968b72,169040c6bc80c993,,83b31c210e42f9c47aa992960dfb5e5519cc2fdea089c82158ed2d73b1fa985b,False
train_3423.jpg,train,139,C:\Users\SSAFY\Desktop\AI2_Challenge\data\train\train_3423.jpg,de1356e57ba7171ff7a46b060654ebf2fb7e8d0dfe7588c40374200742780a1c,53f3b811cf709de49edcd1a6b3d17ee465bb77d72ecbba64bd59aa0a52973934,0f690a4148aebc87,,83b31c210e42f9c47aa992960dfb5e5519cc2fdea089c82158ed2d73b1fa985b,False
train_3978.jpg,train,140,C:\Users\SSAFY\Desktop\AI2_Challenge\data\train\train_3978.jpg,06af88a7e188926c9d607ae3644247fd6cf12bd55b79f6ed65b5014bbbeca9cc,dee79de9c05d353aaa4e000c5fa0603cf83d234e4826d643078d0cb3dd34a3e3,c1892d0b2327e6fe,,83b31c210e42f9c47aa992960dfb5e5519cc2fdea089c82158ed2d73b1fa985b,False
train_1407.jpg,train,141,C:\Users\SSAFY\Desktop\AI2_Challenge\data\train\train_1407.jpg,bdf79f331ee0d9e34854b537ea6e6a68ea3ffef556e7a5a00271952e40b6f780,e9f44fdb0c79c71395740d4924ca50412601440d2b26670a98d021b168c3860a,726763797968a10e,,83b31c210e42f9c47aa992960dfb5e5519cc2fdea089c82158ed2d73b1fa985b,False
train_1913.jpg,train,142,C:\Users\SSAFY\Desktop\AI2_Challenge\data\train\train_1913.jpg,2e2c07ba91faed328017c276afffe6f8bfeb22bfa0c9c135a41e812485a53dea,c1419c3fcedd2be80048218b49dd369431f4c3810aa04e2dcde42f468b9f5764,8389890ba4a49c9c,,83b31c210e42f9c47aa992960dfb5e5519cc2fdea089c82158ed2d73b1fa985b,False
train_5657.jpg,train,143,C:\Users\SSAFY\Desktop\AI2_Challenge\data\train\train_5657.jpg,31348c4f8cf1e7e2d633bca9fae67c62fd14dce218d7be37b9d3007b7b94b0db,e91a2853d66b59b15a3350a0b3dba0cb9a97b7cf8843c610b64156137c5eca7c,8f97b4a44304ec6d,,83b31c210e42f9c47aa992960dfb5e5519cc2fdea089c82158ed2d73b1fa985b,False
train_6463.jpg,train,144,C:\Users\SSAFY\Desktop\AI2_Challenge\data\train\train_6463.jpg,07a1aac29ce81484834fb97d6e714c9ca295d9e2470b59c3a0521805bda297c6,5fefdd2a1c86dcd275171828a3f0d11de4182643ddd11eb323ad0c350b6fac30,f5c6f73434343415,,83b31c210e42f9c47aa992960dfb5e5519cc2fdea089c82158ed2d73b1fa985b,False
train_0180.jpg,train,145,C:\Users\SSAFY\Desktop\AI2_Challenge\data\train\train_0180.jpg,133c0d75eaae75df45383eaefc22133925854f486e474497705337a5907cc600,fa7ff6fb32672fd23d8fa61d8c87830128c490aa4658d7af57b6112cdf1d2a74,4f7ce3be41e13129,,83b31c210e42f9c47aa992960dfb5e5519cc2fdea089c82158ed2d73b1fa985b,False
train_3149.jpg,train,146,C:\Users\SSAFY\Desktop\AI2_Challenge\data\train\train_3149.jpg,6fa4eea9bbf11a6d4eb3e7fdec1bf2de8b1b10dceb8ddca09867493d57a1438b,72cf09b70dd57f0af08802016dd80ff504e823b6c0c0e2ad304958293c90e417,8ac86276ded8fd00,,83b31c210e42f9c47aa992960dfb5e5519cc2fdea089c82158ed2d73b1fa985b,False
train_5688.jpg,train,147,C:\Users\SSAFY\Desktop\AI2_Challenge\data\train\train_5688.jpg,c094bf70acbaaf4dedc8bd604dea558c4f5e2630b0c573e09a75e1591dccfcc6,3faf601b6321eec6a33261ee2bb45c9b48f65fda97259311abb4507b1a079698,c49d746242c1c8c0,,83b31c210e42f9c47aa992960dfb5e5519cc2fdea089c82158ed2d73b1fa985b,False
train_1177.jpg,train,148,C:\Users\SSAFY\Desktop\AI2_Challenge\data\train\train_1177.jpg,82cabc0cbc27bcafdbed2a47f9eb820634294026d80341122c5e6892141126fe,6bf0191e0bd7f8cf22c29f2fd43aa40f62280c5302093c43fad083a6ea06a9ae,ecec6c4cec69e3e3,,83b31c210e42f9c47aa992960dfb5e5519cc2fdea089c82158ed2d73b1fa985b,False
train_2819.jpg,train,149,C:\Users\SSAFY\Desktop\AI2_Challenge\data\train\train_2819.jpg,5936812c5db6917b4977d1d5511691d6fc866ff3265b95e309a680e5188ce0ce,8c93284cc391f7e1235010691f9d6021ed2ae0f0d97ae937c31c9b9b92323a43,91d383233ef8f226,,83b31c210e42f9c47aa992960dfb5e5519cc2fdea089c82158ed2d73b1fa985b,False
train_2099.jpg,train,150,C:\Users\SSAFY\Desktop\AI2_Challenge\data\train\train_2099.jpg,478dceb0e0cff1bbc3b56d23af1032a3f4ced3b6850cabf8d7edd9f7a268ef0e,2318d8d808215b8f7e316103f3141886a88a42f629c1b064562977f1c8035ccf,b34333677cf8ecfc,,83b31c210e42f9c47aa992960dfb5e5519cc2fdea089c82158ed2d73b1fa985b,False
train_3621.jpg,train,151,C:\Users\SSAFY\Desktop\AI2_Challenge\data\train\train_3621.jpg,8e2cc521575f2578e24e7a9acb9df6c8d1323a0428db7b4a0f2dfdf496ce1230,a0b6915946d6c544055c40d34f3a4fd0f4648681f447a954737ae57eb8d58f08,be1f038756060000,,83b31c210e42f9c47aa992960dfb5e5519cc2fdea089c82158ed2d73b1fa985b,False
train_4459.jpg,train,152,C:\Users\SSAFY\Desktop\AI2_Challenge\data\train\train_4459.jpg,d114d0a78ffc727090182a6f8bc2cc3ff8a16ceebd839a4efea90aac4a3bbdf8,860f537eee25742be33103ebfa5993297f236339ea0c2c2f59f2a95bb78f008a,1ffcdb0b3718c0d4,,83b31c210e42f9c47aa992960dfb5e5519cc2fdea089c82158ed2d73b1fa985b,False
train_1563.jpg,train,153,C:\Users\SSAFY\Desktop\AI2_Challenge\data\train\train_1563.jpg,e890fa70d63f81950d2b00f13bf4bc9273bc58ce01e628f28f9fe9698cc1eccc,ddf298357c2f308704ac800a63ba0e3a9742200b3796b3c6e05add234012eea1,872727a387e6fcfe,,83b31c210e42f9c47aa992960dfb5e5519cc2fdea089c82158ed2d73b1fa985b,False
train_5102.jpg,train,154,C:\Users\SSAFY\Desktop\AI2_Challenge\data\train\train_5102.jpg,ff70ac175082722bb7c6e8c38714f3e8ff68ce901f56a917a98b4772f2e8438a,20eaf6768309ef4ae31e13269f588abbbde824fbb8d3c50f8aedbf27e91618bf,1c373f2f0f672673,,83b31c210e42f9c47aa992960dfb5e5519cc2fdea089c82158ed2d73b1fa985b,False
train_2618.jpg,train,155,C:\Users\SSAFY\Desktop\AI2_Challenge\data\train\train_2618.jpg,3815c04a0f5decec4475b64b55f771621a3f1be001c1090d9bfe4459f0a65e41,ebbfc93862cf008be8718b981027d234e4ed3346be8ff9c68cfde8411a0dce47,faf9c98c38706456,,83b31c210e42f9c47aa992960dfb5e5519cc2fdea089c82158ed2d73b1fa985b,False
train_2583.jpg,train,156,C:\Users\SSAFY\Desktop\AI2_Challenge\data\train\train_2583.jpg,2c738a58a7d6c37a0ae845119fe9c5b395b54fa04537c9b90ad5dccf1bc10e23,cf16e20488bbb176d4af282b515ac420005d29418a0e12910377ea1d5b3f3232,1b3938327ee3e1f1,,83b31c210e42f9c47aa992960dfb5e5519cc2fdea089c82158ed2d73b1fa985b,False
train_5905.jpg,train,157,C:\Users\SSAFY\Desktop\AI2_Challenge\data\train\train_5905.jpg,56fdebb85a6d38320825c65b856bc03da62fb061e5c7a18e98224940df50a159,e4c33007f5d32b73c7bf3895c7789847d3c3211083676ae95543c4eaf2ce084b,fc7f6961f1363f67,,83b31c210e42f9c47aa992960dfb5e5519cc2fdea089c82158ed2d73b1fa985b,False
train_0545.jpg,train,158,C:\Users\SSAFY\Desktop\AI2_Challenge\data\train\train_0545.jpg,44a7d5f7fe40007eb304dcc1f743ea362396cba951135e1f112b002aa110045d,1cd427c30c5ec2af2780ada4d866b150ed13250ec57b323990125cfd8ba6d98d,502327273f559006,,83b31c210e42f9c47aa992960dfb5e5519cc2fdea089c82158ed2d73b1fa985b,False
train_3876.jpg,train,159,C:\Users\SSAFY\Desktop\AI2_Challenge\data\train\train_3876.jpg,9963880823c8e22b7a31660388de5189bd896bea2434f18ae88dfdf7bc6677c7,538ff2783165ec6a6cafaf48a1caf70fefa4325c81fe3abc9b8c209bb0d077e9,5d654b5919495351,,83b31c210e42f9c47aa992960dfb5e5519cc2fdea089c82158ed2d73b1fa985b,False
train_2667.jpg,train,160,C:\Users\SSAFY\Desktop\AI2_Challenge\data\train\train_2667.jpg,896b2176a0ab3eccc21a942eb037205f6ce529e5f3ea9e35fae8291969040679,92dc6c0e8bdf4472f15198857da895243b8c7d2542adb316efc336fbcae565bf,333b3b879b1e9eff,,83b31c210e42f9c47aa992960dfb5e5519cc2fdea089c82158ed2d73b1fa985b,False
train_6320.jpg,train,161,C:\Users\SSAFY\Desktop\AI2_Challenge\data\train\train_6320.jpg,5f7f2d787d64da2cc6e9984362f600fe451fd75b5ae5bdf921c7666b87e3a2d0,cd1ef46cf73ed610faed758f7faca472fa69ccfbe959c1a6298b30f76ee68363,01c0c0a8f8f0d8f8,,83b31c210e42f9c47aa992960dfb5e5519cc2fdea089c82158ed2d73b1fa985b,False
train_0062.jpg,train,162,C:\Users\SSAFY\Desktop\AI2_Challenge\data\train\train_0062.jpg,2eaef50bde232d66fdc560f4f0cb154e11daae1dbd56d6b4b6eb271cecc5106a,e196bd8a0afe9999cf1581d5efb904e5615811de3f802fdae44d82cbfd47e76f,c3e1cac2f0fe8398,,83b31c210e42f9c47aa992960dfb5e5519cc2fdea089c82158ed2d73b1fa985b,False
train_5167.jpg,train,163,C:\Users\SSAFY\Desktop\AI2_Challenge\data\train\train_5167.jpg,4c0e231be5e0f92bf195e36c5c0f640c37bf324dce318277d2329795532b7fcb,df06b7acf20a8e4894de049f8abaf57e622239b6e73b1ab4645f826a9a4a0c28,242044c48310b0e0,,83b31c210e42f9c47aa992960dfb5e5519cc2fdea089c82158ed2d73b1fa985b,False
train_3033.jpg,train,164,C:\Users\SSAFY\Desktop\AI2_Challenge\data\train\train_3033.jpg,e7dd765e587f789b7e51b66e1fb01c2b7a813d38272d3a1f697a26fbea614f6d,162a6c9a52af0301fd7737479f35a9f10389054d8e737648eba9cd7398567a8e,9e34161e1a1b1b86,,83b31c210e42f9c47aa992960dfb5e5519cc2fdea089c82158ed2d73b1fa985b,False
train_4990.jpg,train,165,C:\Users\SSAFY\Desktop\AI2_Challenge\data\train\train_4990.jpg,3451331bcc9fccb113766f9a86ffc2b3f2475f1c1397e1d9463e065191cebbeb,a2060c20d7cdb8fe18d4400d62fef08c86943b7f2bc0e13cf0a33f1a34cc2022,00c2ce9bf0c2c488,,83b31c210e42f9c47aa992960dfb5e5519cc2fdea089c82158ed2d73b1fa985b,False
train_1738.jpg,train,166,C:\Users\SSAFY\Desktop\AI2_Challenge\data\train\train_1738.jpg,8fc0c8ac3293b252343f1306327c5be0d09b5d4592d09316d51f272db5e3b6f4,da492b60e7d9928fbb30a7b436e0c48ed3bf5a6b2fc5ad528c223986687a18bc,801890c8acb08080,,83b31c210e42f9c47aa992960dfb5e5519cc2fdea089c82158ed2d73b1fa985b,False
train_5170.jpg,train,167,C:\Users\SSAFY\Desktop\AI2_Challenge\data\train\train_5170.jpg,8359566dc28a106c2ebfa44cdd12b661016c852c71eadc2f5c128c3eb2e3853e,4c4f03532d3fb9884b4081f48dd3e230497d7693e97ea7a2f11d7c0144c89d16,e06120e0e2a7e363,,83b31c210e42f9c47aa992960dfb5e5519cc2fdea089c82158ed2d73b1fa985b,False
train_0032.jpg,train,168,C:\Users\SSAFY\Desktop\AI2_Challenge\data\train\train_0032.jpg,a692c426b2c5b2c47a6ac316c2d64379e0be4ac4d956a7c685c0e0dbb704d519,a943f7b321ed495b24ebe36ee589f8b9e0aec140be4c779c6cb5486891402103,d856061676969687,,83b31c210e42f9c47aa992960dfb5e5519cc2fdea089c82158ed2d73b1fa985b,False
train_6006.jpg,train,169,C:\Users\SSAFY\Desktop\AI2_Challenge\data\train\train_6006.jpg,5fa3f0c43d735d68e7c1b6dee3bc02fd9266b646d76b4b159fba56b159090745,a246ff47bd1fe28ee3f500c5dce3e6db657486167c1f7400fa8a6dc792d0d56e,7d7fc9c9e37b70fd,,83b31c210e42f9c47aa992960dfb5e5519cc2fdea089c82158ed2d73b1fa985b,False
train_5592.jpg,train,170,C:\Users\SSAFY\Desktop\AI2_Challenge\data\train\train_5592.jpg,7e150adf5fc884008eae10adb9c73c6dde1e13ca8d426c4e58bb589089cf9f18,b46097b9aa4f9b72348b55b21e7e9d709f3d00363f54b883d01802c3dd2efd88,7d84e0f97029614e,,83b31c210e42f9c47aa992960dfb5e5519cc2fdea089c82158ed2d73b1fa985b,False
train_3168.jpg,train,171,C:\Users\SSAFY\Desktop\AI2_Challenge\data\train\train_3168.jpg,8c4786f51d34c195f090571948b9ca42776b98a19528f92b91ab98c901a5f717,4349116a901be3f878a5ec52d9202835cc69bd7bcc82b3526a5b94e447f2bd49,1f9ef2638ecc8038,,83b31c210e42f9c47aa992960dfb5e5519cc2fdea089c82158ed2d73b1fa985b,False
train_5161.jpg,train,172,C:\Users\SSAFY\Desktop\AI2_Challenge\data\train\train_5161.jpg,24a31dc18e435e4e78852f17df4038f0d7101c41261f510adb03fb0f65fe1e4e,a07f40f2bb60547486c62fcc110960c8fe01581053666f566e530b4533f2f851,e26f665448c86c69,,83b31c210e42f9c47aa992960dfb5e5519cc2fdea089c82158ed2d73b1fa985b,False
train_1080.jpg,train,173,C:\Users\SSAFY\Desktop\AI2_Challenge\data\train\train_1080.jpg,e975f3a6a3497933ece1ede8b2461b6fa043f8a37274ae309a72af8457696452,f7994d00e8d02eb789fd0ccd090288b182e169f7b020a1d3c46a8d47d2959984,d65c858d2be3f2e2,,83b31c210e42f9c47aa992960dfb5e5519cc2fdea089c82158ed2d73b1fa985b,False
train_2514.jpg,train,174,C:\Users\SSAFY\Desktop\AI2_Challenge\data\train\train_2514.jpg,e315371db165f8e268a236cff78d21e3b264562fe4b7daa24a570d88f26443e2,c5d9a331b21f0935d5af8e78ed724bd4fc714e70db2633e75a8e88f6ad5a75f1,1b5fc5fcf3d6f2e3,,83b31c210e42f9c47aa992960dfb5e5519cc2fdea089c82158ed2d73b1fa985b,False
train_5547.jpg,train,175,C:\Users\SSAFY\Desktop\AI2_Challenge\data\train\train_5547.jpg,a648f9cef2c7d6ff5b25ab1ae9652ad9e21ddb21f4368834b732df9ded1b1f76,529ad1ae4f36759d2ec8d858bad59272ef5a1c1e7713d686e2dcba41d3d239a1,aaa8a989a1910101,,83b31c210e42f9c47aa992960dfb5e5519cc2fdea089c82158ed2d73b1fa985b,False
train_4858.jpg,train,176,C:\Users\SSAFY\Desktop\AI2_Challenge\data\train\train_4858.jpg,00c57f52d5f6f69f29a58032371f539d86dbd1fa65bbbc4517d1a7d62de89d71,fd43f408838af10f0c8fc12217ce8ca312944578264a368ea29d90f6825c433a,cbca420aaaaaab2a,,83b31c210e42f9c47aa992960dfb5e5519cc2fdea089c82158ed2d73b1fa985b,False
train_5056.jpg,train,177,C:\Users\SSAFY\Desktop\AI2_Challenge\data\train\train_5056.jpg,ca8ac0aa0dac5553027139db4d5af6af9d32a9c297d2c9d2c8cd64632a47399a,4302dd4dda03b1743159377455cac59edbd284a9355fc48fde032cd4aa3f8d27,d65273317030f8f8,,83b31c210e42f9c47aa992960dfb5e5519cc2fdea089c82158ed2d73b1fa985b,False
train_1415.jpg,train,178,C:\Users\SSAFY\Desktop\AI2_Challenge\data\train\train_1415.jpg,dcb8056c71cee619efcb9513fd91fea7a417a6e05a67f93ced09fe961e16d7f9,65561df46dea8289eb5e59f3219dbe119cdf8175bd50494ac77d21890de4cb5f,cce5c0c8c0c4c4c0,,83b31c210e42f9c47aa992960dfb5e5519cc2fdea089c82158ed2d73b1fa985b,False
train_4086.jpg,train,179,C:\Users\SSAFY\Desktop\AI2_Challenge\data\train\train_4086.jpg,1a459366f884ecbd300686e5d7209949ce07073a0e9c3bd98ab86637f9102a46,5be46bf3b1e4942abe5ab12fa4bd68e5fd18fb688a813128c9471d6ad779d485,f8f8d4d4f4fcfcfc,,83b31c210e42f9c47aa992960dfb5e5519cc2fdea089c82158ed2d73b1fa985b,False
train_0018.jpg,valid,0,C:\Users\SSAFY\Desktop\AI2_Challenge\data\train\train_0018.jpg,81e649f46a9a789a6ae9f3ba0221d67603d2a72c380949a15f1830df9b5fa4b5,0d7407f0314bd6be409f355886f5e93f306e53ffb0ceba6beda048ff8791c992,68289001d8235d55,,83b31c210e42f9c47aa992960dfb5e5519cc2fdea089c82158ed2d73b1fa985b,False
train_0097.jpg,valid,1,C:\Users\SSAFY\Desktop\AI2_Challenge\data\train\train_0097.jpg,ecb520c9fbadc46d41778227799c7fecc2f53315488fa95c48b26fb54548a78c,3881c209f69a161e56fe6a9cc24cd2bbc97e5ea0225fa15f3acd30e52bb1d026,ecc4d9d9b87a78ee,,83b31c210e42f9c47aa992960dfb5e5519cc2fdea089c82158ed2d73b1fa985b,False
train_3133.jpg,valid,2,C:\Users\SSAFY\Desktop\AI2_Challenge\data\train\train_3133.jpg,7cf62216ecd26747a870ec6feebbc6d0dadbcae54f7456918e550c006bb10571,5b6898c034b288cb69415ca50215c3b9fbd81abca9b9ecfd22470ff698a95dd9,f5f51f1d1a9ac2c0,,83b31c210e42f9c47aa992960dfb5e5519cc2fdea089c82158ed2d73b1fa985b,False
train_0394.jpg,valid,3,C:\Users\SSAFY\Desktop\AI2_Challenge\data\train\train_0394.jpg,ae687511f2670cbf7f1889d9a1127bfa948afed69622a49d09992a672e98be57,bd140cdeb03416c7a9bc9af4f79bc0bd02d3ddb793ff913e4d53f148192baa07,4c18dab919173676,,83b31c210e42f9c47aa992960dfb5e5519cc2fdea089c82158ed2d73b1fa985b,False
train_3419.jpg,valid,4,C:\Users\SSAFY\Desktop\AI2_Challenge\data\train\train_3419.jpg,9a46ae72960b103eb734eba48b20d3c9111d69b09fdc7047802e18aa654fbe42,112c528861eb73cc2f0ff8a3158e7282481bf658d62465af161660cf078c3b00,55353962a3ab2959,,83b31c210e42f9c47aa992960dfb5e5519cc2fdea089c82158ed2d73b1fa985b,False
train_2982.jpg,valid,5,C:\Users\SSAFY\Desktop\AI2_Challenge\data\train\train_2982.jpg,05cb00f65e6b7fb6613dd6f23eb1321e8b27c236685ef855820c7db2578ecdcf,b5261e669d040d25329dc72c1f4c602906a01dd656657c10aa231e8caa353fcc,a0c09659691b1b55,,83b31c210e42f9c47aa992960dfb5e5519cc2fdea089c82158ed2d73b1fa985b,False
train_2226.jpg,valid,6,C:\Users\SSAFY\Desktop\AI2_Challenge\data\train\train_2226.jpg,7fc09163467a2f610e30ba6fc8d2d4288fef3caa3d384f062f1f98f5e2783b73,febd7da89b2a67570eb4045f8be4a221fe7f3197e4c5405c0b3fabc0a46a0ea3,4eaf5a6a624bf327,,83b31c210e42f9c47aa992960dfb5e5519cc2fdea089c82158ed2d73b1fa985b,False
train_0764.jpg,valid,7,C:\Users\SSAFY\Desktop\AI2_Challenge\data\train\train_0764.jpg,71d94dc3375eb6773307454aa942e64791fbd186a3f4301450736dcd538484bb,bf6003fd416ad196e71f322eb969e2d90647082452053cea3a092eae679880de,0108092024a4a060,,83b31c210e42f9c47aa992960dfb5e5519cc2fdea089c82158ed2d73b1fa985b,False
train_6209.jpg,valid,8,C:\Users\SSAFY\Desktop\AI2_Challenge\data\train\train_6209.jpg,cf2007a33ebbc9921c3e0382d0f9fc073ce4778d15046b090ec7904a6ada9bff,783c621c5ad4ccbac60edc855ac925da62d71e8c261fab591b21eb989455786c,f1d21cc6841445c1,,83b31c210e42f9c47aa992960dfb5e5519cc2fdea089c82158ed2d73b1fa985b,False
train_1298.jpg,valid,9,C:\Users\SSAFY\Desktop\AI2_Challenge\data\train\train_1298.jpg,bb74fea12b76b3d62fadc45e79cf57a9154cf78c32711e0bfabe38a6f67d5910,5535493295b74b23de775783308ea7272d351d5dbe453e1551b0c8517418418f,e6180e2eae8cfecf,,83b31c210e42f9c47aa992960dfb5e5519cc2fdea089c82158ed2d73b1fa985b,False
train_4820.jpg,valid,10,C:\Users\SSAFY\Desktop\AI2_Challenge\data\train\train_4820.jpg,c8e869376d0b3969da6daf62e7dfdc4666c68b377a8ead11b4c8cd65c6fdc849,95d4fbe6a428b04d0c251d178aa1142e84fa22a45580429e48144aa348a7e1a0,7e1e36369e9ae7f3,,83b31c210e42f9c47aa992960dfb5e5519cc2fdea089c82158ed2d73b1fa985b,False
train_5499.jpg,valid,11,C:\Users\SSAFY\Desktop\AI2_Challenge\data\train\train_5499.jpg,27c9dc263754534b3ea144aaddd81d653bb858ca0a33c10e8779922c42c66dc7,0c9cfbc4401f4100ffd3d947147e947d414d700ac0305ef5f8c143c1426a4e39,f4c5c6c49b989196,,83b31c210e42f9c47aa992960dfb5e5519cc2fdea089c82158ed2d73b1fa985b,False
train_1040.jpg,valid,12,C:\Users\SSAFY\Desktop\AI2_Challenge\data\train\train_1040.jpg,4afd775f76bd410c0f944f3fb20af2d82b20008a848409f0842f7e6a90cbe947,688c42a57df43f81aa4af46a2ddff9c8ed68f5fe4be8bbb5fc661f044965c80b,c00ceac3d4889cb4,,83b31c210e42f9c47aa992960dfb5e5519cc2fdea089c82158ed2d73b1fa985b,False
train_4983.jpg,valid,13,C:\Users\SSAFY\Desktop\AI2_Challenge\data\train\train_4983.jpg,e5f96cc1eb28e08dea474f22889b42f198536df89dae51c3c48310bbc4f61c9b,da452a9291abb579e84e320c9065fe360f73a5161b353542fd47e3ef4566ef35,78aec7d4f4955dd4,,83b31c210e42f9c47aa992960dfb5e5519cc2fdea089c82158ed2d73b1fa985b,False
train_0707.jpg,valid,14,C:\Users\SSAFY\Desktop\AI2_Challenge\data\train\train_0707.jpg,fb9dae1e063aa98bdef8d68968bee2c15aef1d0b2c81f22ff0d3a94ecf7cbd8d,9bd077faec60589bcd570b94259e8767d079b7bb7afb292d7f59d64342705d5c,89e3ffc73bb3ff4a,,83b31c210e42f9c47aa992960dfb5e5519cc2fdea089c82158ed2d73b1fa985b,False
train_0170.jpg,valid,15,C:\Users\SSAFY\Desktop\AI2_Challenge\data\train\train_0170.jpg,b9f5a56d964a34592c0cbeb7a46e75dac4d6c2fc920bb84f2818f5dfb6aab94d,bb5f7b71e14a71301f517ed5d4dcee66d4b3484ee165120312b575a47c025763,033098a4247973d4,,83b31c210e42f9c47aa992960dfb5e5519cc2fdea089c82158ed2d73b1fa985b,False
train_1164.jpg,valid,16,C:\Users\SSAFY\Desktop\AI2_Challenge\data\train\train_1164.jpg,6504b86aa089a4b66f9da78910e6223f15827f3e2f4a0e520a10cf6edf9fbdff,efae632bcc8cb6bf215339ceabd40bee4145a7d2206e72316ae3ca4b8975544c,8b8e510b8be5c79c,,83b31c210e42f9c47aa992960dfb5e5519cc2fdea089c82158ed2d73b1fa985b,False
train_1544.jpg,valid,17,C:\Users\SSAFY\Desktop\AI2_Challenge\data\train\train_1544.jpg,cd7f8bf9f914f1bfa280a93d31a16805f3cbed8d60bef9752a2692b298d96481,99706d0d7407d52ebee73880ba349ba5052498eca72c2d00a18d992353548eb6,6448c0d1c9c9c3e0,,83b31c210e42f9c47aa992960dfb5e5519cc2fdea089c82158ed2d73b1fa985b,False
train_0051.jpg,valid,18,C:\Users\SSAFY\Desktop\AI2_Challenge\data\train\train_0051.jpg,a050f9ef4cdf68c93cd7604b141a31bb8bb0c0cdd148e5d36f4febe87af940ea,69897eb3ac88d172e33dbe2aa589cd2a1c40010f88e76b21ac2e69518bfff252,e0e0783323232767,,83b31c210e42f9c47aa992960dfb5e5519cc2fdea089c82158ed2d73b1fa985b,False
train_1917.jpg,valid,19,C:\Users\SSAFY\Desktop\AI2_Challenge\data\train\train_1917.jpg,ace710955d637dac4a25b5582e8492b3cb40d08663c9b3a054108ad223319ead,464c728b3da3ad4277d7414041e4bb36fcbb0c99d9faa818171ed5e1016ed86e,b629399cb7355557,,83b31c210e42f9c47aa992960dfb5e5519cc2fdea089c82158ed2d73b1fa985b,False
